,IMAT Divergence
metabolite_synthesis__A_C,2.258991965280565
metabolite_synthesis__B_C,2.2589919652807833
metabolite_synthesis__C_C,0.7872092086876418
metabolite_synthesis__D_C,0.10213442912084818
metabolite_synthesis__E_C,0.25002145614330473
metabolite_synthesis__F_C,0.25002145614330473
metabolite_synthesis__N_C,0.9971081570106094
metabolite_synthesis__R_C,9.9000378612932
metabolite_synthesis__U_C,9.779246058809628
metabolite_synthesis__V_C,11.615946606260385
metabolite_synthesis__W_C,6.935136513985295
metabolite_synthesis__X_C,12.255115985272383
metabolite_synthesis__H_C,5.286081796991033
metabolite_synthesis__I_C,6.197716734269298
metabolite_synthesis__J_C,2.346311745513514
metabolite_synthesis__P_C,7.229750769733372
metabolite_synthesis__Q_C,3.0409054891264495
metabolite_synthesis__M_C,0.4990503563266752
metabolite_synthesis__T_C,0.7757580007605066
metabolite_synthesis__K_C,5.561587915731374
metabolite_synthesis__L_C,5.719131551202696
metabolite_synthesis__O_C,6.2871470205360165
metabolite_synthesis__S_C,10.988250415004684
metabolite_consuming__A_E,15.723213155499998
metabolite_consuming__B_E,15.723213155499943
metabolite_consuming__C_E,9.693069381210742
metabolite_consuming__D_E,7.03570971690655
metabolite_consuming__E_E,12.937649277927791
metabolite_consuming__F_E,11.917112167996992
metabolite_consuming__G_E,1.2891787520168196
metabolite_consuming__A_C,14.615775082784705
metabolite_consuming__B_C,14.615775082784705
metabolite_consuming__C_C,8.843056213918793
metabolite_consuming__D_C,6.20124365685717
metabolite_consuming__E_C,11.917112167991379
metabolite_consuming__F_C,10.898613485716387
metabolite_consuming__G_C,5.166497777133981
metabolite_consuming__N_C,9.686143217163451
metabolite_consuming__R_C,0.4232602408365135
metabolite_consuming__U_C,4.753996065702268
metabolite_consuming__V_C,0.10213442912084818
metabolite_consuming__W_C,3.4374653719277015
metabolite_consuming__X_C,0.37556089065679377
metabolite_consuming__H_C,12.6301867498091
metabolite_consuming__I_C,6.384300861248891
metabolite_consuming__J_C,5.331650171100557
metabolite_consuming__P_C,5.4227507624540365
metabolite_consuming__Q_C,4.4156098927018474
metabolite_consuming__M_C,10.898613485716387
metabolite_consuming__T_C,3.430673831451208
metabolite_consuming__K_C,7.366061733712487
metabolite_consuming__L_C,4.345698651621362
metabolite_consuming__O_C,0.8455279226401915
metabolite_consuming__S_C,3.430673831451208
subsystem__Transport,4.922941164789257
subsystem__whole_metabolism,24.085619338529312
reaction__A_import,2.258991965280565
reaction__B_import,2.2589919652807833
reaction__C_import,0.7872092086876418
reaction__D_import,0.10213442912084818
reaction__E_import,0.25002145614330473
reaction__F_import,0.25002145614330473
reaction__G_import,1.2891787520168196
subsystem__S3,7.365290943457528
reaction__N_exp,0.222317358460903
subsystem__S5,3.552679830206643
reaction__R_exp,0.4232602408365135
subsystem__S7,5.7477415434829995
reaction__U_exp,4.753996065702268
reaction__V_exp,0.10213442912084818
reaction__W_exp,3.4374653719277015
reaction__X_exp,0.37556089065679377
subsystem__S1,2.2589919653209263
reaction__R_A_B__G_H,2.2589919653209263
subsystem__S2,3.7060205209812787
reaction__R_C_H__I,1.7428622353408587
reaction__R_C_D__J,0.10213442912084818
reaction__R_I__P,1.7428622353408587
reaction__R_J__Q,0.10213442912084818
reaction__R_E__M,0.25002145614330473
reaction__R_F_M__N,0.25002145614330473
reaction__R_N__T,0.10213442912084818
reaction__R_N__U,5.027601552222909
subsystem__S4,6.303436338704458
reaction__R_H__K,2.0697933789249476
reaction__R_G_K__L,2.388455017221601
reaction__R_K__O,0.4232602408365135
reaction__R_L__W,2.388455017224274
reaction__R_O_P__R,0.4232602408365135
subsystem__S6,0.20327630159479146
reaction__R_P_Q__S,0.10213442912084818
reaction__R_S_T__V_X,0.10213442912084818
