,Closeness,Betweenness
ABTA,0.25956969910472905,0.0017988947012044492
AGMT,0.1321913343777516,0.0008508489888673587
ALAD_L,0.22225887134193598,0.004403950308967016
ARGDC,0.1543688888229446,0.0008403641201459804
ARGSL,0.18537748657777195,0.0034567599550603383
ARGSS,0.23232133765642166,0.0056311972572717665
ASNN,0.20749428513192958,0.00022182054256933697
ASNS1,0.24120138878585098,0.0027593166748199395
ASP1DC,0.23180237711065155,0.00025550262214307567
ASPO5,0.2621194996853256,0.0016668064966032369
ASPTA,0.2959226164064686,0.03338879143492391
GF6PTA,0.27509036152542415,0.03918448762614821
GLNS,0.29067282209113443,0.020773989072569977
GLUCYS,0.2796202926283878,0.0017482583546531742
GLUDC,0.2720453764575634,2.256565358653922e-05
GLUDxi,0.3015601476844737,0.023517790929861206
GLUR,0.27196615532289314,0.00286846980860471
GLUSy,0.27614777568859106,0.012764832625958034
GTHOr,0.28249600041706446,0.009421664073682284
NADS2,0.22310840357831224,0.0027299174518085286
OPAH,0.27212464375839596,0.0003395960229403622
P5CD,0.19126188355085297,0.0010457285350002133
SSALx,0.20254430218581979,0.00021558208174228305
SSALy,0.2780386357186112,0.01386071641308017
HOAS,0.26419082829589424,0.00082346545880979
SR1,0.20543335793195364,0.0
ASPO6,0.25827759330166344,0.001758446953303476
ACS2,0.0008976660682226212,0.0008335470633495767
AGDC,0.15495798529597066,0.001282358833704694
DGC3D,0.0,0.0
G1PACT,0.23389225579234035,0.008290642682316435
GALKr,0.20571184523762445,0.0021100390288689695
GALUi,0.1824798314534613,0.0028752062958548605
GLGC,0.14819609288778404,0.0032199112205805055
GLYK,0.2164384188595168,0.0029764808476523794
LACZ,0.0008976660682226212,0.0008339503275311689
MALT,0.11532869565063164,0.0012322670438377386
MMSAD1,0.10973232021840149,0.0024945922273248594
MN6PP,0.1743551171649073,0.0
MTI,0.13183678393263906,0.003885919901218725
THZPSN,0.24076611945831788,0.009453898825732127
UAGCVT,0.2224176654867385,0.0009806527787551424
UAGDP,0.20726404291584888,0.009751583199166844
UAPGR,0.2484521887147686,0.002076434935889687
XYLK,0.15786541199777132,0.0008368908665761077
TREP,0.13185539706040025,0.0019358646357401303
HIBD,0.12455745230445651,0.0024841073586034804
MANPGH,0.0,0.0
ACGAMPM,0.18641352841892514,0.0013514618936890921
ACGAMT,0.17145800943249773,0.0005318351849539972
AFTA,0.14990879251666372,0.0011804762717300516
ALAALAr,0.20101846262996448,0.004300066613213589
ALAR,0.22236470889971785,0.0010868206575362913
DCPDPP,0.17980973765475838,0.0017968271880183322
DCPE,0.1534305532082824,0.0019583926326605006
DCPT,0.22358912553957747,0.001786342319296954
G1PTT,0.15783873202278437,0.0023630957312754486
GALFT,0.1646565192839942,0.0024236837240292144
O16RHAT,0.19661721629027687,0.0018860058384878575
TDPDRE,0.11752004245360703,0.0023840654687182074
TDPDRR,0.24107686561146488,0.01020643950912374
TDPGDH,0.1347276078157552,0.002373580599996828
UDPGALM,0.154573283247073,0.00022209875286857412
ALDR,0.24033241826526378,0.0024919769194931335
AL4D,0.19055943223399613,0.0008264059978547294
MANT1,0.16293296883789515,0.0007244432163547039
EMB,0.1600568598764036,0.0013805452849529653
ARABT,0.14524599959235068,0.0008299176857152538
ACGK,0.22146828963215914,0.00018904353381398874
ACOTA,0.28421539177687616,0.0018396931798848927
AGPR,0.28105079066470506,0.005448560562257282
ARGDr,0.15429238020466132,0.0010291024126045205
AST,0.2185146882028112,0.0009023348451231935
G5SADs,0.21211259990434136,0.0014913393219241529
OCBT,0.21327512614268443,0.00020715730375517143
ORNTA,0.2598585913686185,0.0019064313130702558
ORNTAC,0.27500935729647086,0.007373689182150745
P5CR,0.24371914858528573,0.0025485296472277925
P5CRx,0.1911835777643429,0.00012358054478760032
PROD2,0.23140034127324452,0.002426047452704742
SADH,0.17651328243787848,0.0009128197138445718
SGDS,0.16582595479027257,0.000833231340373351
SGSAD,0.20236874916117337,0.0008227464716519723
SOTA,0.25956969910472905,0.0022294620155885315
FAD_14,0.24014702426814474,0.001755778796321184
FAD_15,0.24314808054642414,0.002748020213540193
FAD_16,0.20963676259906064,0.0026433504082184938
FAD_17,0.1707370708187962,0.0016428982758036653
FAD_18,0.14401415225579262,0.0016533831445250436
FAD_19,0.12452423698384202,0.001663868013246422
COCO2,0.23377516329882728,0.003653045868497802
ACONT,0.20926098529662,0.001546953217110948
AKGDb,0.20250038538135626,0.00046516731991054917
CITL,0.20930788376934448,0.002325933992441125
CS,0.27094046341131856,0.003657038438022671
FRD,0.2571398065470306,0.0329818426337463
FRD2,0.24944759011186296,0.002915830649814187
FRD3,0.24772726190419497,0.005344592726777687
FUM,0.25856361499967195,0.003035820110102058
GCCc,0.19071508625256586,2.6884278772764933e-07
ICDHyr,0.2782042828057239,0.020967967897288633
MDH,0.26307937390952535,0.003332501837388232
OXGDC,0.25956969910472905,0.0005568097203672072
PC,0.24713727901000662,0.0033502202596700443
PDHcr,0.19332059146735978,0.0005162634056404922
PEPCK_re,0.2644949808492821,0.05628521757662781
SUCD1,0.261605539882021,0.007155619368578498
SUCOAS,0.26131275248427954,0.0017054532910535994
KGD2,0.2663050405984645,0.02337567555149414
AKGDa,0.2598585913686185,0.0030696176957166576
AKGDH,0.2594254937163375,0.0008636306672427874
MHUD1,0.24188857222968532,0.004469992577965899
ACBIPGT,0.20781748495300736,0.002580474200787114
ADCPS1,0.1806095102260327,0.001360775094636743
ADCPS2,0.1799136538969014,2.111759089497299e-05
ADCYRS,0.2235356097124976,0.0036128097720075254
ADOCBIK,0.1809244047614907,0.00022962078038523613
ADOCBLS,0.17083076227891256,0.0035654111670940752
AHMMPS,0.15041581210803914,0.002822332217182164
AMAOTr,0.18652522016752845,0.003862529697797294
AMMQT8,0.20333807476133572,0.0036695040746682643
AOXSr,0.22310840357831224,0.003867644102251462
BACCL,0.18813106429916715,0.0
BTS2,0.2314576895610446,0.005723164763522124
BTS3r,0.20329381309943734,0.001366516320267198
CBIAT,0.2181573878483567,0.005520201496559059
CBLAT,0.2183614162681354,0.005341194500594207
COCHL,0.17970594138518664,0.0008882691922272511
CPC6R,0.2402087904780903,1.7520179675309195e-05
CPPPGO,0.2383695194943377,1.1863355553554214e-05
CYRDAAT,0.16873202843339025,0.00043816786721721763
CYRDAR2,0.20662207464133076,0.0026962160512652602
DB4PS,0.22257668669657174,0.0021249702479151362
DBTS,0.1878004780572723,0.00010898457198564553
DHNAOT,0.1278657964647885,0.005511181103344857
DMATT,0.14502046232590296,1.2097925447744222e-06
DMPPS,0.1135755536153247,3.145460616413497e-06
FCLT,0.2163381462540688,0.002210573721215335
FCLT2,0.20166956972118658,0.00280059836826152
FOMETRi,0.2164384188595168,0.0008218524020834242
FTHFCL,0.1750903219682818,0.0
G1SAT,0.2189244672711709,0.003282634111446429
GTPCII2,0.20544033818275736,0.0013407275101158978
HMBS,0.14829021552537552,0.0033036038488891864
HMPK1,0.13168806787631346,3.803436105864885e-06
HMPK2,0.2094017438069092,0.002373728239803887
HMPK3,0.1805396824625585,0.0019531655741629305
HMPK4,0.20621147656851735,0.00540168296822722
MPML,0.19013269083444934,0.0016541896728882266
NADTRHD,0.2402087904780903,1.7520179675309195e-05
NO3R1,0.20307279351572408,0.003955849981240927
NO3R2,0.21856582667419028,0.00449481306473137
NPHS,0.13449478360870032,0.0009849608498291626
NTRIRx,0.20058672194562177,5.882600196729961e-06
PC11M,0.1775873316940131,0.00023750257327892873
PC17M,0.1955468545600534,0.0011083611704093875
PC20M,0.17234393382151966,2.1188954320768827e-05
PC6AR,0.24126369862537198,0.001793068612735147
PC6YM,0.19678292822983884,0.0008631125693535935
PC8XM,0.16211278899128884,0.00024317911990867692
PMDPHT,0.19083199374311707,0.0002481644307222839
PNCDC,0.0,0.0
PPBNGS,0.17681404342650794,0.003293118980167807
PPNCL3,0.21734507269695488,0.004904015852847863
PPPGO,0.2391630671904776,0.003644768569838636
PYDXNO,0.2413884149337852,0.0031980055386092382
PYDXO,0.2742019311153303,0.028388953811389728
R05217,0.23879615887977884,0.0008400474761540926
R05219,0.17234393382151966,0.0013188752175318811
R05224_2,0.22300185706275433,0.0019251420588399944
RZ5PP,0.1687930195877128,0.00014130829841759647
SHCHD2,0.1453275219481375,7.440224150362697e-06
SHCHD3,0.1453275219481375,0.0
SHCHF,0.21663536173785497,0.0
SPODM,0.0,0.0
SUCBZL,0.15749271119372935,0.0026167378408020097
SUCBZS,0.19001663832732757,0.002606252972080631
THMDP,0.13827832060687223,0.00041576537122080975
TMN,0.13840127109940945,0.005955310258081986
UDCPDP,0.13689999668408312,0.01053636612400892
UDCPDPS,0.1453137976316812,0.00152302346089867
UPP3MT,0.17237574333311462,0.0022734023950251136
UPP3S,0.12776084505866142,0.0008568779246551549
UPPDC1,0.1122244385218475,0.00024325809148624205
UPPDC2,0.0,0.0
DTBTST,0.19087099476370634,0.0007513606619765874
PYDXS,0.251191978853904,0.003200349815225106
PLPS,0.25399286847397745,0.008051264909691236
PDBL_3,0.2506526509336594,0.0025055228054856483
PDBL_4,0.25413109588539184,0.007570240837887684
2PLS,0.22300185706275433,0.0019527336334577536
LPPGS,0.20991948244073164,0.0002536084564947653
DMHDRFS_1,0.22194196230485147,0.007822377394420129
LPFPLT,0.1897078564653291,0.0009630432492984616
GF4GL_7,0.28020755396904146,0.00808628351941448
GF4GL_1,0.2801235085119421,0.008183692575168667
CPMPS,0.20548553957729704,0.001661886649428784
ISCS,0.25538194623429455,0.01752479829622312
MOEA1,0.12862302401581255,0.0024986248691407733
MPTAT,0.14916655125040967,0.0008202393453570582
MOBA,0.21761951484280406,0.0
MOAE1,0.1779934776784477,0.0025424215269087736
MOEB1,0.19436665502160563,0.002973936583486695
ADOCBIAH,0.1806095102260327,0.001360775094636743
COB2,0.17704867817607867,0.0010195779508669965
CBL2OR_1,0.150682764985288,0.00018285015411816978
PHEMEt,0.0,0.0
HEMEOS,0.17695989293193218,0.00082346545880979
HEMEAS,0.14858919898596457,0.0
GSEALD,0.28736362380886615,0.014321940025465734
CPPPGO2_1,0.17224857568771948,0.0013732445731627029
FPRA,0.28198423230036684,0.017041115977682708
THMP,0.162847737991075,0.004695916218971815
SHCHCS3,0.23946968650738848,0.0037725366085690163
SEPHCHCS,0.2618989841219336,0.002479514367911619
APPLDHr,0.13922656192290028,0.0016668723888443185
AOBUTDs,0.16396274181510095,0.0016563875201229404
DMBI,0.24603049983635802,0.010643574380858114
HETZK,0.19236493869800517,8.87181199501243e-06
ADMDC,0.17189983018200167,0.0002899118644644834
AHCi,0.247530288200057,0.022169077353073743
AHCYSNS,0.21769971500671678,0.0035938168357220095
CYANST,0.0008976660682226212,0.0008331437991679854
CYSS,0.21539017005968983,0.0022152789733812647
CYSTL,0.20708021671370622,0.001859406036277101
CYSTS,0.2267925637151081,0.0014177694984463048
HCYSMT,0.21187200031279832,0.0015307592177242842
HSERTA,0.23928562064535358,0.003050685476561389
METAT,0.20476469576382703,0.015016959753275542
METOX1s,0.22834517784323108,0.0006479312653683194
METOX2s,0.22834517784323108,0.0006479312653683194
METS,0.21514208186565653,0.006137676228010825
MHPGLUT,0.20991948244073164,0.0014778035307044448
MTAN,0.14812557928292072,0.0008632833446400329
SERAT,0.23977709303692302,0.001373416106883226
SERD_L,0.19921752930435474,0.00043027283373816156
SHSL1,0.2636735678652781,0.008108224933209965
SHSL4r,0.2829238949950969,0.01089020813273695
THRD_L,0.19917504316033588,0.0008126691678806547
AHSERL2,0.21278919511934724,0.001711815209913273
CYST_II,0.2220474981880207,0.0008490499910350427
SHSL2r,0.2290732836347351,0.0018431434666619285
CYSK2_I,0.2107576382486616,0.0
CYSM_I,0.2136654718322615,0.0016866683173020697
CYSM_II,0.17333551918686246,0.0016971531860234478
CYSO_I,0.14581292386866745,2.4195850895488444e-06
CYSO_II,0.1940839105109757,0.0014300290827057851
MTAP,0.14812557928292072,0.0008632833446400329
EPH,0.0,0.0
EGTB,0.2488493944521223,0.0035031818500954434
EGTC,0.22834517784323108,0.029166483185779343
EGTE,0.18287287593084298,0.0014163021148522912
TAG,0.2272893106300353,0.003031388402636093
2AGPEAT160,0.24346500974421664,0.0030268430500169576
2AGPEAT180,0.24327475315936833,0.003045695811524144
AACPS10,0.23643842465286455,0.006186151219392227
AACPS3,0.25186941137508495,0.006774772556907898
ACCC,0.16338904432799423,0.0004896076012903395
ACChex_1,0.19866661931053287,0.0009246588254398064
DESAT16,0.26585020705346285,0.002654474333224444
DESAT18_1,0.2546855133293741,0.0017184573793405996
FACOAE140_1,0.2221003037761748,4.440480195759108e-06
FACOAE160,0.21841248301656105,0.0
FACOAE180,0.2181573878483567,0.0
FACOAL140_1,0.2859558412060058,0.005295097551894748
FACOAL160,0.2867460170030135,0.013528575222454865
FACOAL161,0.2818991178324223,0.007235657342628798
FACOAL180,0.2863064921455595,0.008099812752997641
FACOAL181_2,0.28130475222253465,0.004028543251379556
FACOAL80,0.2860434233932052,0.012739669154446005
FAO1,0.25159800037144797,0.004430436838329459
FAO10,0.24570686066267167,0.004042761795863652
FAO11,0.2458362141033996,0.004090947091898641
FAO2,0.2530294709777337,0.005863754181216566
FAO3,0.25282397871651735,0.0054383458252446745
FAS100,0.26330188254266,0.0009951450646132301
FAS120,0.25200533658359825,0.0003403047899127396
FAS140,0.25200533658359825,0.0018019939924815358
FAS160,0.2715707407324266,0.005168431989277821
FAS161,0.2805442407265891,0.0055612816782965825
FAS180,0.27323925610848887,0.004789496682185588
FAS181,0.2823252047698957,0.004259987977996954
FAS200,0.27299964261292464,0.0021277649784156864
FAS240_L,0.27299964261292464,0.001919736805798103
FAS260,0.25268716920422485,0.0020770247265088676
FAS80_L,0.2689121155712108,0.01820999771804649
FASm180,0.2644949808492821,0.0019373714008207182
FASm2002,0.2666852591030311,0.0017737656558906103
FASm2202,0.24340155782611808,0.00021763353985082594
FASm2402,0.24276885297083833,0.0004308698723193953
G16MTM1,0.19724007969985535,0.001720292470389703
G16MTM10,0.19566976270245445,0.00012215499230031995
G16MTM4,0.18982353198756402,0.0021375525648501034
G16MTM5,0.1700531277091797,0.00010064960363249351
G16MTM6,0.19608057471736615,0.00023290100072764872
G16MTM7,0.19566976270245445,0.0001230287313604348
G16MTM8,0.19566976270245445,0.0008594132689715546
G16MTM9,0.19566976270245445,0.0001225582564819114
LPLIPAL2E160,0.15953737228883072,0.0008865423149306438
LPLIPAL2E180,0.15894005741640826,0.0008210106139529166
MANAT1,0.22509804227014102,0.00030381643048299473
MANAT2,0.2247189069727659,0.0016596052372134255
MANAT3,0.2248891886142892,0.0
MCD,0.20311695897755874,0.0006609838089099516
MCOATA,0.24045617337250644,0.011545464844665005
MMCD,0.15749271119372935,3.966397632276585e-05
MME_1,0.15931964813695243,0.0016545979124038262
MMM2r,0.1357261702338054,0.0016650827811252043
OCOAT1,0.26427045200306026,0.004575193315187424
PAPA160,0.17155249400786463,0.0007114371950785194
PATS,0.24755659095874535,0.0
PHDCATA,0.23542520226337663,0.0005024852812016109
PLCD,0.14705271254586916,0.00022484648992572535
PLIPA1E160,0.19312071492531327,0.0032705770596587647
PLIPA1E180,0.19224614602281084,0.001647546417708756
TDMS1,0.1757633196514007,0.0009784633229021611
TDMS2,0.1757633196514007,0.0009784633229021611
TDMS3,0.1757633196514007,0.0009784633229021611
TDMS4,0.1757633196514007,0.0009784633229021611
TMHAS1,0.15280311852813133,0.0
TMHAS2,0.15280311852813133,0.0
TMHAS3,0.15280311852813133,0.0
TMHAS4,0.15280311852813133,0.0
HDECH,0.2370385221773642,0.006206388832397164
FAD_1,0.20735607845888432,0.0010133565862257567
FAD_2,0.20735607845888432,0.00018061605123936278
FAD_3,0.20731005047254497,0.00018041441914856703
FAD_4,0.20731005047254497,0.00018041441914856703
FAD_5,0.20731005047254497,0.00018041441914856703
FAD_6,0.20731005047254497,0.00018065111768993596
FAD_7,0.20731005047254497,0.0002789321556626685
FAD_8,0.23151506628131258,0.0011321603489710943
FAD_9,0.20763267616247555,0.0026751074625188218
FAD_10,0.2074481957749478,0.0011861281477768902
FAD_11,0.23278459057298478,0.0013558343920979288
FAD_12,0.2074021268884777,0.00018064293551813552
FAD_13,0.20731005047254497,0.00018021278705777132
FAD_20,0.20735607845888432,0.0009449587853203839
FAD_21,0.20735607845888432,0.00032502408310406354
FAD_22,0.20731005047254497,0.00018041441914856703
FAD_23,0.20731005047254497,0.00018041441914856703
FAD_24,0.20731005047254497,0.00018041441914856703
FAD_25,0.20731005047254497,0.00018041441914856703
FAD_26,0.20731005047254497,0.00018041441914856703
FAD_27,0.20731005047254497,0.0010502841534011488
ADCL,0.17960226488054135,0.0025272972130521193
ADCS,0.2232150519547837,0.003999219125108848
DHFS,0.27339923225375146,0.002881879605435101
DHNPA_1,0.12312877750544694,0.001745405334396679
DHNPA2r,0.12312877750544694,0.001745405334396679
DHPS2,0.15099947896181326,0.00041967522296191986
DNMPPA,0.14210769588843808,0.004302984730518588
DNTPPA,0.16800355772239883,0.00429249986179721
FOLD3,0.15099947896181326,0.00041967522296191986
FTHFD,0.19571076642473073,0.0002221404743469669
GLYCL,0.25420026602580703,0.003923146924747035
GTPCI,0.20544033818275736,0.005311291773112573
HPPK,0.10862197922526344,0.0012906511584148859
HPPK2,0.10862197922526344,0.0012906511584148859
MTHFC,0.22037087715403847,0.0003976638350169732
MTHFD,0.2821546155223006,0.011123337558546602
MTHFR2,0.2260788616264379,0.00032754615867289905
THFGLUS,0.2841289252749665,0.005889048189884539
FCLPA,0.17611385581346692,0.0014462106186125122
GFUCS,0.2460953300075929,0.004429983995747063
GMAND,0.19571076642473073,0.0009652738870128263
MAN1PT,0.20675930426805736,0.0005037365755406981
MAN1PT2,0.24858444966164892,0.01114135749820891
MAN6PI,0.2147957169684487,0.003157177144688385
PMANM,0.17404617543399462,0.00014690434044128928
GLYALDDr,0.21568863218910278,0.0014877880131448625
ALCD19y,0.2817290429498688,0.01471632617067278
AGPAT160,0.20071604929697293,0.0019477207293409195
AGPAT160190,0.19436665502160563,0.0004615945654759275
AGPAT190,0.18943849439732557,0.0002877518917863185
CDAPPA160,0.17320693200645682,0.0007414724395394537
CDAPPA160190,0.17288629718230564,0.00018335290097627155
CDAPPA190,0.17256684726142185,0.00042397117712261864
CDPPT160,0.1751231534556188,0.002713222473175833
CDPPT160190,0.17502469591057254,0.002623698465380109
CLPNS160190,0.21663924318692065,0.0010628338186760642
DAGK160,0.1451331433378112,0.0008554733684420181
DASYN160,0.21356775151585067,0.005359644437112612
DASYN160190,0.2130804876520226,0.002122927759855877
DASYN190190,0.21259544215315618,0.0012720578215341212
G16MTM2,0.2065306893805429,0.001315913796592994
G3PAT160,0.2079563075882465,0.0005118757869739738
G3PAT190,0.20342665593091158,0.0003668182381509025
GPDDA2,0.13634040545676132,0.000992576416646857
PGSA160,0.20791001277355634,0.001576265824550585
PGSA160190,0.2074021268884777,0.0013703746735272962
PGSA190,0.2074481957749478,0.0015069769406116597
PSD160,0.1698057777052391,0.0008234186877464762
PSSA160,0.20823451000642473,0.0021237202032193623
G3PD5,0.20874648577979774,0.002793703975049495
G3PD1ir,0.20062981254109882,0.0017851772794093253
G3PT,0.1981607845064322,0.000674094534675104
LIPW,0.0008976660682226212,0.0008379829693470831
CHOLK_1,0.0023937761819269898,6.452226905463585e-06
ACS,0.22564188871196306,0.006691872357363556
ALDD2x,0.20525973129204728,0.0007611718350069874
ASAD,0.28105079066470506,0.005428195949043463
ASPK,0.2473991463255139,0.0010105075546295863
ENO,0.21425367684762905,0.001872736757631773
FBA,0.20382622814902115,0.0020686389430422487
FBP,0.18109982109342931,0.00041066260788790647
GAPD,0.20254430218581979,0.0017548799797580462
GCCa,0.22188923197405916,0.0009902751821821998
GCCb,0.24076611945831788,0.00391150621820857
GHMT2r,0.2473991463255139,0.0018064309252492914
GLYCK,0.174893591269441,0.001521026527234852
HEX1,0.14824313926647859,0.003006429311144281
HSDy,0.2402087904780903,0.0017519826771932722
HSK,0.20625701797235313,0.0009335384602324831
LDH_L,0.23800504010673165,0.0008251442793668361
PDH,0.23727941498445504,0.0034995975500452525
PDHa,0.24039427989158685,0.0002558229224862494
PDHbr,0.23094257600860904,0.004358535566066603
PFK,0.21474632728875948,0.0007722228194428498
PGCD,0.16445356178531695,0.001514174563822551
PGI,0.21583817364890573,0.02029599069727369
PGK,0.17874292390025168,0.0006823281266477439
PGM,0.1813107702152621,0.0008726650088847461
PGMT,0.176080651843668,0.009095952264533193
G6PP,0.17611385581346692,0.0037851795039961864
PSERT,0.2727604490008222,0.008460577090260437
PSP_L,0.2102976305739282,0.0006345238902119433
PYK,0.21400819829945347,0.007186823832869109
PYRDC,0.23733971470872048,0.0011047576905089823
SERD_D,0.19887814680128088,0.00019399982127803013
THRS,0.16848850394710718,0.0009440233289538601
TPI,0.20378175373746785,0.0011423284771649724
ALCD2ir,0.21882187848613285,0.0004454450938188661
THRD,0.19938765529009714,0.001645902651401562
GLXO1,0.19964338977742946,0.00027449514673085
GLYCTO1,0.23879615887977884,0.002899711184940532
GLYCTO2,0.19603941590655227,0.0007927878047558057
GLYCTO3,0.21322643319151027,0.0009853450379473697
GLYCTO4,0.19686588899216168,0.001111939201210215
ICL,0.17045661204212723,0.00031098695175666363
OXACOAL,0.27339923225375146,0.0024516870085007454
OXCDC,0.21062962953965156,5.913408315458529e-06
PGLYCP,0.0,0.0
GCALDD,0.1314471185614096,0.002012251181845603
GLYDHDA_copy1,0.25956969910472905,0.002666601280886412
GLYDHDA_copy2,0.25956969910472905,0.002666601280886412
ATPPRT,0.21810644030331972,0.0024631376211607233
HISTD,0.17095584429412686,0.0008332057037572647
HISTP,0.21001389192237802,0.0008227208350358864
HSTPT,0.2722039572657578,0.003091091285855302
IG3PS,0.22316171502480645,0.004359343940050031
IGPDH,0.17956773262426745,0.0
PRAIi,0.17915437893320832,0.0024746569236085173
PRAMPC,0.14805513274870244,0.00248410735860348
PRATPP,0.17637993907059774,0.002473622489882102
PRMICI,0.12756888094233235,0.0024945922273248585
MI1PP,0.14974054471361473,0.0017301684650410298
MI1PS,0.17571623280880808,0.0007952446118680592
MI3PP,0.147424116397603,8.821818393128774e-05
MI3PS,0.17548511412604567,0.0013476550101600739
NAGINSP,0.17427351695816665,0.0018706941984104458
LAT,0.28499596502252517,0.006701022457472561
TMHAS5,0.15280311852813133,0.0
TMHAS6,0.15280311852813133,0.0
FADE233,0.20944870540004823,0.004144856797891887
BKDC,0.19943023219705638,0.0012007514708686979
BKDA2,0.2272893106300353,0.00044634134063064896
PKS2,0.2533727014049959,0.0030771072277244417
MAS3,0.23249484126930917,2.615502258545185e-05
PKS122,0.20042062836240254,0.0
PKS121,0.2560120003779647,0.0014925619258357023
ACOADH1,0.20944870540004823,0.0025219994631344883
BKDC1,0.19853991866046236,0.00111795699300898
3M2OPLOXRD,0.21964529101101013,0.0003921467575786103
PTA2,0.18783824967393706,0.0008331437991679855
OPP,0.14579016193862238,0.00528358289326777
HEXTT,0.14574465939120085,0.0016868290496994411
PPTT,0.14565373945396365,0.0008577178923473705
GGTT,0.14551757204406593,2.7800206632116892e-05
LIPY,0.18212398154813086,0.0030418732713574704
GMHEPPA,0.13796938944205486,0.0
AACPS11,0.23584135792394317,0.0037903492041077946
ALAALAD,0.16485997835460106,0.0
ARACHTA,0.23542520226337663,0.0005408945156558481
CHRPL,0.1501015392765694,0.0005936339272682973
FACOAL200,0.280712887700275,0.001664986281504747
FACOALPHDCA,0.27101908803796143,0.0018223623475083072
FACOALPREPH,0.2710977583102511,0.0011100485417050907
FAH4,0.25413109588539184,0.000342418563687284
FASPHDCA,0.2448693700521277,0.0019520996765939362
FASm1601,0.2669139117973178,0.0019626107147569507
FASm1801,0.24371914858528573,0.00021763180207719451
FASm2001,0.24276885297083833,0.00021749044133064502
FASm220,0.2579922036958053,0.0012922493952084648
FASm2201,0.24276885297083833,0.00021749044133064502
FASm240,0.24314808054642414,0.00021755633889992558
FASm2401,0.24276885297083833,0.00021749044133064502
FASm260,0.24276885297083833,0.00021758261600072305
FASm2601,0.24276885297083833,0.00021750595149147548
FASm2602,0.24276885297083833,0.00021749044133064502
FASm280,0.24276885297083833,0.0018764562305723445
FASm2801,0.24276885297083833,0.00028939758799057316
FASm2802,0.24276885297083833,0.00021749044133064502
FASm300,0.24276885297083833,0.00021749044133064502
FASm3001,0.24276885297083833,0.0002174456341993571
FASm320,0.24276885297083833,0.00021750595149147548
FASm340,0.24276885297083833,0.0003028780449621447
GGLUCT2,0.19300098726571918,0.0005031227665293518
GMT1,0.19803472802773855,0.01275039432538468
MCBTS_1,0.27125523595086115,0.00038210402515373757
MCBTS2_1,0.2710977583102511,0.0009168685890080072
MCBTS3,0.30431142957928153,0.023434902871426327
PDIMAS,0.19398091082588254,0.00082346545880979
PGLS,0.17908567159708821,0.00012191277971335136
PGPP160,0.16973769523382143,0.0
PGPP160190,0.1691905393802201,0.00023415953085405088
PGPP190,0.16943036643564321,0.0
PHTHDLS,0.21568863218910278,0.00012850098790321562
PHTHDLS2,0.16333189530934156,2.4562604970171783e-05
PHTHS,0.2428319753975078,0.004382343798793505
PHTHS2,0.2427057633520829,0.00436249899080714
PPDIMAS,0.19384221199228208,0.0009225474903920283
PREPHACPH,0.2085600217460507,0.00020878604982832046
PREPPACPH,0.19862436779643025,0.0009143367992682341
PREPTHS,0.25330398084589506,0.0019936049120176085
PREPTHS2,0.25351025444593245,0.0028943614147229533
PREPTTA,0.2363187695796597,0.00042056675538052694
TATS,0.24795016264548422,0.0
TRE6PP,0.1509506671050291,0.005572808171549877
TRE6PS,0.18064444436727561,0.008549380002500788
TRESULT,0.18749885110998094,0.004622615061400661
TRIATS,0.24755659095874535,0.0
UAMRH,0.25357908698854603,0.0007901754485981414
S7PI,0.19642399534510022,0.00164693091761958
GMHEPK,0.16204594635351474,0.0008242719871729729
CMLDC,0.0,0.0
H2CO3D,0.0008976660682226212,0.0
HCO3E,0.18537748657777195,0.0
NTP3,0.2053048532378138,0.0
MBTK3,0.23122846679346745,0.00016846026849439864
MBTG,0.2914893187824017,0.054581072113130805
MBTA3,0.24012417598769756,0.0
MBTA1,0.23996191607883224,0.00035203292128318213
SALSYN,0.20391523523554914,0.000647185898156477
FAMPL1,0.2715707407324266,0.006433134659808772
FAMPL2,0.2715707407324266,0.0038759868736030845
FAMPL3,0.2715707407324266,0.0038759868736030845
FAMPL4,0.2715707407324266,0.0038759868736030845
FAMPL5,0.2715707407324266,0.0038759868736030845
MYC1CYC1,0.19951544058509185,0.0003382461652096024
MYC1CYC2,0.19951544058509185,0.0003323723115510279
MYC1CYC3,0.19951544058509185,0.0003323723115510279
MYC1CYC4,0.1800523958702169,9.083220271768999e-05
MYC1CYC5,0.1800523958702169,9.083220271769e-05
MYC1M1,0.19951544058509185,0.0003323723115510279
MYC1M2,0.19951544058509185,0.0003323723115510279
MYC2CYC1,0.1800523958702169,0.00012154269045150747
MYC2CYC2,0.1800523958702169,9.083220271769e-05
MYC2CYC3,0.1800523958702169,9.083220271768999e-05
MYCON1,0.20977802726388478,0.003821031150230814
MYCON2,0.20977802726388478,0.001236281419648391
MYCON3,0.20977802726388478,0.001236281419648391
MYCON4,0.20977802726388478,0.001231845513650885
MYCON5,0.20977802726388478,0.001236281419648391
MYCSacp50,0.2451908052976674,0.002653382504362984
MYCSacp56,0.2451908052976674,0.0036376544336587085
MYCSacp58,0.2451908052976674,0.0036376544336587085
OTSB1,0.1472149712135585,0.001734229484588223
MYCOPP,0.20201855448384493,0.006153109333198543
TMMYCO,0.17525460262315914,0.002691185170738862
MYCOE,0.23572230625411789,0.002467476550459703
PPM1,0.1974485787270222,0.010750709639587982
FBPA,0.12691014776176315,0.0017447143533096002
BIRA,0.18341158236033286,0.0012618382145639976
ACCD3,0.22924196793785348,0.005439946399500312
ACCA3,0.18556164859503577,4.22999954529415e-06
NADDP_1,0.0,0.0
NMNAT_1,0.0008976660682226212,0.0
ADNK1,0.22310840357831224,0.0016840938547291791
ADNK3,0.24257968243605582,0.01603367748015858
ADNK4,0.2285127911374639,0.004305083599582281
CYTDK2,0.220839862231926,0.002868826347243735
DADA,0.16740128649916025,0.005759834238126893
DADK,0.16971320686513086,0.0012720150128552907
GALT,0.1851936897439649,0.00458500460059163
GSNK,0.1837001922460297,0.0002206929488696971
GUAD,0.16615046742195608,0.005116125061171575
GUAPRT,0.22173119121054488,0.0009982717901740729
INSK,0.18237293055630055,0.0006249317845627112
NTD10,0.1786061918873236,3.531495757195771e-05
NTD11,0.18738599064582967,0.00021928592247056223
NTD3,0.14728462030891262,0.002083991746876422
NTD5,0.19947282729150256,0.003929012424256464
NTD6,0.14332900205322513,0.0025273764101495476
NTD7,0.27094046341131856,0.018861133288588374
NTD8,0.176014281450964,0.00030400987216787383
NTD9,0.21653878446065733,0.0019376437855038694
NTPP2,0.20534999502612467,2.4845601139844866e-05
NTPP3,0.1471685750675725,2.641775746464931e-06
NTPP5,0.1431971446456325,0.00041576537122080975
NTPP7,0.14328502261104864,0.00010683602286848548
NTPP8,0.1798443630615858,4.5206988917538516e-05
TMDK1,0.17023911363084487,0.00015862439975289285
UDPG4E,0.15560342842032907,0.00038319592544342813
UDPGD,0.1524790473886357,0.0
XPPT,0.21964529101101013,0.0016196034182990803
ACODA,0.0,0.0
AMID4,0.0008976660682226212,0.0008339503275311684
AMPTASECG,0.19304087998735325,0.0006062967304333865
BETALDHx,0.002154398563734291,0.0
BPNT,0.18615343380084015,0.004790674722745844
CHOLD,0.002493516856173948,4.0326418159147404e-06
DALAOX,0.2477929894876134,0.006017293150807723
FDH,0.2349394712086511,0.0
GTMLT,0.2444847584761296,0.0019215935586879669
HSST,0.23168736724852768,0.0005012451014103778
METSOXR1,0.21749692067508503,0.003567562486943577
METSOXR2,0.21749692067508503,0.003567562486943577
NH4OHDs,0.26007568292364663,0.0009560162595354441
PAPSR,0.23249484126930917,0.015621832237749112
PGAMT,0.21172790237560984,0.00041275514979854916
PHETA1,0.2843019109220137,0.002941945329601658
TARTD,0.20140862138857343,0.00042559475417499085
TRPTA,0.2848221339978088,0.00557368943827941
TYRTA,0.2843019109220137,0.009907870772684771
ROSFE,0.2348922981335048,0.003437364809220763
MAK,0.11527175726719514,0.0008933524449026455
TBSYNLDPS,0.1256564944036602,0.00247039637642937
TBSNLS1,0.11070939256127481,0.0
TBSNLS2,0.11070939256127481,0.0
TBSNLS3,0.11070939256127481,0.0
AMMQT8_2,0.20329381309943734,0.002686516266414268
ATPS4r,0.2539238111416028,0.0
CYO1a,0.2216259557140045,0.0020957055706800377
CYO1b,0.24033241826526378,0.0004434647467405284
ICHORS,0.15012566747770698,2.5182982430774604e-05
MNDNS1,0.24045617337250644,0.0007926204691332247
MNDNS2,0.11748448384482829,0.0
NADH10,0.21235374656180422,6.822106137576987e-05
NADH5,0.19526066848814866,1.7059658334821777e-05
NADH9,0.19612175081453487,0.00018457510085403498
PPA,0.0,0.0
5DGLCNR,0.2807972872455848,0.003600149895355066
ACPS1,0.0,0.0
DPCOAK,0.1275884249233942,0.0
DPR,0.24176333869500777,0.000942088525705363
MOHMT,0.24352849475327643,0.0006058594915093723
NADK,0.0,0.0
NAPRT,0.2305435145343903,0.003650332600430528
NNAM,0.2567863011764683,0.003007117870916086
NNATr,0.18497361405799465,0.000544834662671873
NNDPR,0.21912993368813116,0.0014711033650844526
PANTS,0.21543985637342908,0.0016065252274171631
PDX5POi,0.24944759011186296,0.004407201752632797
PNTK,0.1745666873605262,9.05189749881744e-06
PPCDC,0.17596162350960085,0.00164693091761958
PTPATi,0.14788609552073126,0.0008242719871729729
PYAM5PO,0.23770215764286462,0.000781929893282167
QULNS,0.2202149911291712,0.00014947497514972697
DRPA,0.1439032014451179,0.0008556715849423915
G6PDH2r,0.2818140547310848,0.01514769158662417
GND,0.2780386357186112,0.010707385201398427
PGL,0.21618791143028127,0.0008407550929167768
PRPPS,0.2789521437810081,0.03920237767139298
RBK,0.15230459513679304,0.0017923276208121482
RPE,0.22580555545909456,0.0006295924196674561
RPI,0.2444847584761296,0.0018928072836830521
TALA,0.23203273972144475,0.0044464083680703795
TKT1,0.2326686042298991,0.006522405210872962
TKT2,0.23237914341348967,0.004633850358872908
G6PDH3,0.21866817545746078,0.0001228885556930462
DRBK,0.17058114655320825,0.0010469202525460264
5DOAN_1,0.2095897166469513,0.002312210908195085
GLNSP1,0.2606584718172862,0.0
GLNSP2,0.2606584718172862,0.0
GLNSP3,0.2606584718172862,0.0
PAPPT1,0.1644825250755222,0.002606673175659901
PAPPT2,0.1644825250755222,0.002606673175659901
PAPPT3,0.14497543889767386,0.002438970647452989
PGPPT3,0.1452911912537049,0.003507792281011888
PPTGS,0.14450437527136237,0.00021210529326181233
PPTGS_TB1,0.14610947706176708,0.00021161552651217927
PPTGS_TB2,0.14610947706176708,0.00021161552651217927
UAAGDS,0.17495911902937714,0.0007262299492375816
UAAGLS1,0.23518805776348906,0.0019738889455947926
UAAGLS2,0.23518805776348906,0.0019738889455947926
UAGPT1,0.17375474927977955,0.002501425597534749
UAGPT2,0.17375474927977955,0.002501425597534749
UAGPT3,0.17148949272471814,0.0025024997651736103
UAMAGS,0.21558905294986497,0.0018448421024587793
UAMAS,0.2278438100460637,0.0003863345650584175
UGAGDS,0.17515599725784228,0.0018327052588047118
UGGPT3,0.17148949272471814,0.0019139798714409623
UGLDDS1_1,0.1944880835857591,0.002354297221523552
UGLDDS2_2,0.1944880835857591,0.002354297221523552
UGMAGS,0.21588806689292997,0.0018095454614592535
UGMAS,0.23174485791037594,0.0003687200382237819
UGMDDS,0.16600280436879042,0.002119432293720841
UGMDDS2,0.16594381261172975,0.003217582231395481
PHBADA,0.19165437664248205,0.0006015167972973931
PHBADB,0.17884561037510818,0.0013556398116177327
PHBADC,0.19665861810461466,0.0032660394074497502
PHBADD,0.17901701694054342,4.2649419476218915e-05
FRRPPDIMAS,0.19481263608235608,0.0032361360640135554
RPPDIMAS,0.19244421540878118,0.001177944666085622
RRPPDIMAS,0.19141868771855197,0.0018791601145642387
CDPMEK,0.18001769031974074,0.004133498187730769
DCPDP,0.12552846470145362,0.0017417433649905558
DCPDPS,0.1453137976316812,0.0018064015792985581
DPPS,0.14533641104556722,1.6130567263658962e-06
DXPRIi,0.24818808859389185,0.003035555098651258
DXPS,0.25173363271666177,0.002283629739538874
GRTT,0.14517826478762863,0.0008444351962525465
IPDDI,0.14481807681482634,0.0008303209498968449
IPDPS,0.11356174335831895,0.0008797073700024141
MECDPDH,0.1294610171026913,0.0016950268923440564
MECDPS,0.1505370369727297,0.004143983056452146
MEPCT,0.22385708949636027,0.00412301331900939
UDPDPS,0.1454495837686988,0.0013821981643031237
UDPDPS2,0.1454269351259444,0.0006225843914381538
HMEDS,0.20991948244073164,0.01872679037870714
HMEDR,0.17098714342343738,0.016685499782455853
FRTT,0.14533641104556722,0.0033073726167375623
IPDPUDCT,0.1454495837686988,0.0013638760973534944
PPCOAC,0.19017140651167072,0.008246950963658389
MCITD,0.19926003357772884,0.002473622489882102
MCITS,0.2544080025548393,0.0024631376211607233
MICITDr,0.16376148998401105,0.00248410735860348
MCITL2,0.13899862738187455,0.0024945922273248585
PPAKr,0.0008976660682226212,4.0326418159147405e-07
ADA,0.22316171502480645,0.012150761205224457
ADK1,0.2708618843906076,0.0
ADNCYC,0.0,0.0
ADPT,0.23042975015514805,0.007441229758294627
ADSL1r,0.2853442643992713,0.031177923297246
ADSL2r,0.25024967239518087,0.0032763543829771426
ADSS,0.2515302389924091,0.003289525949025284
AICART,0.24858444966164892,0.004448606666701856
AIRCr,0.15041581210803914,0.00013760757362553527
ASPCT,0.23566282548039744,0.0008737805960972324
CBPS,0.23637858197388384,0.002513921862171053
CTPS1,0.26509559391961823,0.017236855977792384
CTPS2,0.22941090085453575,0.014393770517457938
CYTD,0.20589324898122024,0.0043953503759281915
CYTK1,0.20162603138575455,0.00392335326351417
CYTK2,0.17532040123499437,0.0016610977264076444
DCTPD,0.1472149712135585,0.0013144715270343302
DCTPD2,0.2084669145934855,0.008831344614597773
DCYTD,0.1269619055708014,0.0020944766155978015
DGK1,0.21764898097851665,0.0008828557303088032
DHORTS,0.1875741669770667,0.0008842654648186112
DTMPK,0.20162603138575455,0.0009405763871193698
DURIK1,0.0,0.0
DURIPP,0.19694891973403944,0.0029134891752160335
DUTPDP,0.17492634901270182,0.0009234760070261304
GARFT,0.2044509144874814,0.00028546119306266024
GK1,0.25159800037144797,0.009481963292952594
GLUPRT,0.2459009419112204,0.005434694255242401
GMPS2,0.23077138062239064,0.005282302091429385
GTPDPK,0.20539515667007147,0.006773733698704906
GTPH1,0.20534999502612467,2.4845601139844866e-05
GUACYC,0.20539515667007147,0.0008218524020834242
HXPRT,0.2211536295000746,0.0021073035311718826
IMPC,0.20639376295664422,0.0010078215174352694
IMPD,0.1874612158528332,0.0009262633345194187
INSH,0.18237293055630055,0.0012034560838190423
NDPK1,0.24818808859389185,0.015895116956231452
NDPK2,0.19661721629027687,0.012762694340027962
NDPK3,0.21274072377649544,0.002689046106783644
NDPK4,0.1698057777052391,0.002131138071123841
NDPK5,0.21764898097851665,0.002199551104769062
NDPK6,0.17881136844319642,4.3854008436274124e-05
NDPK7,0.1752874957542821,0.0021327356686156726
NDPK8,0.1696823723435347,0.0008218524020834242
NTD1,0.14976455698826413,0.00025851125784530897
NTD2,0.20612045406727322,0.003706190943715711
NTD4,0.20114834748628366,0.01207067636699159
NTPP4,0.20851345777602479,0.00030192602410229763
NTPTP1,0.175981115013909,0.00011590953686211924
NTPTP2,0.20539515667007147,0.0019188805225896011
OMPDC,0.1814869369177643,3.885055722910045e-05
ORPT,0.226024147477932,0.0021378074833127646
PDE1,0.0008976660682226212,0.0008339503275311684
PDE4,0.16785258400050593,0.0008323372708048025
PPK2,0.0,0.0
PRAGSr,0.22980604758336984,0.0003808147835946897
PRAIS,0.1797751255782127,0.003772113852532928
PRASCSi,0.23226356065128453,0.0010083350843198482
PRFGS,0.2233752158284657,0.004801151064149196
PUNP1,0.22695790458780438,0.007427088463628824
PUNP2,0.20180029761858578,0.006357488274336498
PUNP3,0.19930255599206467,0.004060959534626483
PUNP4,0.1775873316940131,0.0030407235606537126
PUNP5,0.1889020585313137,0.0007552975595724566
PUNP6,0.17365782398267293,0.0004053238382285912
PUNP7,0.18742359570114692,0.0009263018621131379
RNDR1,0.2074481957749478,0.0033030335002558193
RNDR2,0.2644949808492821,0.02017306287800938
RNDR3,0.21613787951372715,0.008622875574375612
RNDR4,0.2167397951679775,0.015531180526631197
RNTR4,0.21504300653438063,0.0021636743052308735
SADT,0.0008976660682226212,0.0008339503275311685
TMDPP,0.18337556987606815,0.00400039543489176
TMDS,0.22929825125922293,0.0005394984036783348
TRDR,0.26471989154728315,0.04640015544312122
UMPK,0.21034499490513853,0.0098550224044203
UPPRT,0.22057906881880374,0.0015991206569211432
UREA,0.19917504316033588,0.0008048406101239284
URIDK2r,0.176080651843668,0.001387462242238711
URIK2,0.21499350307983772,0.005531388513481036
YUMPS,0.22526092073777496,0.0025308593094637154
DHORDi,0.23800504010673165,0.002323629948106422
BARB,0.21043978760225665,0.0013372645432558597
DHORD2,0.195833880767208,0.0007536625746304801
GTPDPDP,0.16785258400050593,0.0008459579986144611
PPGPPDP,0.14191335319538292,0.0008564428673358394
TMDS3,0.24544856172899213,0.005926658090831671
ACACT1r,0.2413260406663605,0.0012266810769112678
ACALD,0.20525973129204728,0.0016702039978135322
ACKr,0.22553290929215528,0.0016437048041668483
BDH,0.20512448437926972,0.00014826140578689482
HOPNTAL,0.0008976660682226212,0.0008339503275311682
INDPYRD,0.2173956651254225,0.0016541896728882266
LO,0.24911490460891303,0.0013471121797378998
L_LACD,0.21928428677596032,0.0005673683398637638
L_LACD2,0.22037087715403847,0.000715655539690714
L_LACD3,0.23105684744651536,0.002477669635264832
MALS,0.24359201287919016,0.006385484069698009
ME1,0.22901711068632052,0.00211616198101794
PFL,0.23727941498445504,0.004138643066858531
PPDK,0.2372191458925108,0.008682734705539409
PTAr,0.18106471062016577,0.00011299484570542821
2O4EH,0.0,0.0
MGSA,0.17611385581346692,0.0008768898486353198
ALCD22_L,0.14775063714266967,0.00042153436455223876
GLYCS_I,0.2272893106300353,0.0013425520473093206
GLYCS_II,0.18212398154813086,0.0013530369160306983
LCADi,0.14784419461434464,0.0008623958434634845
ACCOAC,0.23237914341348967,0.010057573735011864
L_LACDcm_1,0.24033241826526378,0.012319065227381324
ACYP_2,0.18099453049977035,0.0
ALDD1,0.17745236127281305,0.001738126181110546
BMNMSHS,0.22613360227089951,0.0024794222747775586
CAT,0.2193357861387541,0.0013643102261774794
CIGAMS,0.2183103733938324,0.00450830068991932
CMCBTFL,0.2287926941153393,0.0008233762859967835
CMCBTFU,0.18308797831382378,0.0008338611547181615
CYTBD,0.24232791317561367,0.007364981424441516
CYTBD2,0.2473991463255139,0.005588451964572094
FCOAH2,0.21303188352618957,1.6130567263658962e-06
FE3Ri,0.22778823838507684,0.016319046990262345
FETRANS,0.22509804227014102,0.0026240112965481752
FHL,0.2349394712086511,0.00082346545880979
FORMCOAL,0.277460421086992,0.010219055546507887
GTHS,0.23776267244878185,0.0014942837744578105
MSHOXH,0.0008976660682226212,0.0008339503275311685
MYCTR,0.2818991178324223,0.008652374460544131
MYCTR2,0.2264626036321084,0.00020266949286430676
NO,0.0008976660682226212,0.0008339503275311682
NTRIR2x,0.2005436498558761,0.0008416888737156664
NTRIRy,0.24641999403134962,0.0024506435965981187
PRDX,0.2198521133189301,0.0017276413123891675
NAGINS,0.1465220861905891,0.000946412775551208
NMO,0.2439738185420102,0.006592945409264536
SIRA2,0.24467691311994103,0.014115603096305924
ACP1_FMN,0.20553076086681668,0.0008131334806815666
APRAUR,0.24082820458453197,0.0015639043587224398
DHPPDA,0.16791294091672332,0.0008632974881880353
DHPPDA2,0.16791294091672332,0.000863297488188034
FMNAT,0.20566654423669128,0.008520505726165958
GTPCII,0.20544033818275736,0.0013407275101158975
NNDMBRT,0.20666779760540274,0.0011293519214045373
RBFK,0.16818508506731766,0.001186374159096405
RBFSa,0.18088936226589483,0.0008840105476887553
RBFSb,0.1510727559655152,0.0008944954164101342
ORNDC,0.21201629452413506,0.0021739086098064935
GLGE,0.10241602997903444,7.896043017866342e-05
TREY,0.11214358517997298,0.0008865781890831963
GLGB,0.11214358517997298,0.0
GLGP,0.11217052334600229,0.002454232936561488
AMYL2,0.12767351707160834,0.003233218938573027
PEPA,0.1154836373965269,0.0
ADSK,0.15444547335518688,5.1426175904150436e-05
IGAMD,0.1263948812259866,0.0009568976442725863
MDFDH,0.0,0.0
MSHAMID,0.18145167619561203,0.002489907143498937
MSHS,0.23122846679346745,0.0017680694684924587
PAPA1,0.20770887142256012,2.1358713796866623e-05
PAPA2,0.22301332550621006,0.00024450588656311194
MMPL8,0.199836965052319,0.0
APSR,0.20772503945258342,0.0049060632982264145
BPNT2,0.18559852491629872,0.0008975047939804891
PMPK,0.18312387791741472,0.001534871639115119
TMPK,0.1627625962667855,0.0008218524020834242
TMPPP,0.1977830955906004,0.005913370783196461
DAPDC,0.14740084870246448,0.0008408571864465873
DAPE,0.17555108597346147,0.0008576412585873263
DHDPRy,0.2456422349760166,0.0012887547102926058
DHDPS,0.25255050767409815,0.0003347596891729715
SDPDS,0.21699158396347934,0.0017958592111179724
SDPTA,0.2841289252749665,0.004432681032765538
THDPS,0.224018176392136,8.091262294969088e-05
ACYSBMNt,0.15171269679378363,0.0
ALAt2r,0.25721062445023823,0.007087024305905259
ARB_Dabc,0.0,0.0
ARBabc,0.19887814680128088,0.0
ARBt2r,0.25399286847397745,0.0016541896728882266
ARGt5r,0.15424141657783896,0.0
ASNt2r,0.25413109588539184,0.0006227585183474349
ASPt2r,0.2597140648995592,0.004569491437179032
BALAt2r,0.25399286847397745,0.0013830956648911846
BMNt,0.0,0.0
CAATPS,0.1988358052754556,0.0
CAt4,0.2539238111416028,0.0008218524020834242
CHLabc,0.001436265709156194,2.4195850895488444e-06
CITabc,0.0,0.0
CO2t,0.0,0.0
COAt,0.0,0.0
COBALTt5,0.0,0.0
COt,0.1862648139965726,0.0
CRNabc,0.0,0.0
CYTDt2,0.25650419592936424,0.008838776212776874
Clt,0.0,0.0
Cuabc,0.0008976660682226212,0.0
Cut1,0.0008976660682226212,0.0
DALAt2r,0.25413109588539184,0.005499102068655261
DSERt2,0.2539238111416028,0.0009083359747101741
ETHAt,0.11879061019827207,0.0
ADtr,0.0,0.0
FUMt2r,0.27070486300835217,0.01762758024056241
GALt2,0.25420026602580703,0.0018907406320412055
GLCabc,0.0,0.0
GLUt2r,0.2894117686330384,0.021339238753901684
GLYBabc,0.0,0.0
GLYC3Pabc,0.0,0.0
GLYCt,0.21638827094041127,0.0
GLYt2r,0.2618255613621573,0.0039156904327589896
GTHRDt2_1,0.0,0.0
H2CO3TP,0.0008976660682226212,0.0
H2Ot,0.0,0.0
H2St1,0.19398091082588254,0.0
H2td,0.18733223688340386,0.0
HDCAt2,0.25413109588539184,0.004354432263441783
HISt2r,0.2540619633783501,0.0025198316998244056
ID3ACALDt,0.17571623280880808,0.0
ILEt2r,0.2540619633783501,0.00014816898645811323
Kabc,0.001615798922800718,0.0
Kt1,0.001615798922800718,0.0
LCTSabc,0.0,0.0
LEUt2r,0.25433871932974267,0.0003146828190352124
LYSt5r,0.23371666100570948,0.0
L_LACt2r,0.2556615870185642,0.004471069636028811
L_LACt3,0.2556615870185642,0.0
MALTHPabc,0.0,0.0
MALTabc,0.0,0.0
MALt2r,0.2668376506796614,0.004057566015035712
MEOHt2,0.0,0.0
METabc,0.0,0.0
MGt5,0.1574661570357132,0.0
NAKtr,0.0026929982046678637,4.839170179097689e-06
NARK,0.20080770682919685,0.0
NAt,0.001615798922800718,0.0
NH4t,0.25636337561867006,0.0
NOt,0.0,0.0
O2t,0.23764167363328625,0.0
OCDCAt2,0.25413109588539184,0.0033526486262094985
ORNt,0.21172790237560984,0.0
PACt2r,0.25413109588539184,0.0008399738201466741
PDIMAT,0.16038279945286285,0.0
PHDCAt,0.20916725137263495,0.0
PHEt2r,0.25413109588539184,0.00043149092358027875
PIabc,0.0,0.0
PPAtr,0.0,0.0
PPDIMAT,0.16026098883782453,0.0
PROabc,0.20119167974554397,0.0
PROt2r,0.25777857504245516,0.002710109727857107
PYRt2,0.2644949808492821,0.008110857732180428
RIBabc,0.0,0.0
SERt2r,0.25399286847397745,0.008011546815935968
SKMt2,0.2664569978256249,0.004208141632581616
SUCCt2r,0.2786192653278088,0.006986957080566052
SULabc,0.0,0.0
TARTRt7,0.2579922036958053,0.0011453169111486341
THRt2r,0.2540619633783501,0.00466023301854826
TREabc,0.0,0.0
TRPt2r,0.25454668230548244,0.001372308718176243
TSULabc,0.0,0.0
TTDCAt2,0.25413109588539184,0.0018721702794968994
TYRt2r,0.25413109588539184,0.0015435283584255915
VALt2r,0.25413109588539184,0.0002434002956715434
GLNabc,0.0,0.0
NIt5,0.0,0.0
Mn2t,0.25399286847397745,0.0016541896728882266
HIAt,0.10931821423178241,0.0
CHSTEROLt_1,0.0,0.0
MOBDabc,0.0008976660682226212,0.0008339503275311684
MOBDabc_rev,0.0008976660682226212,0.0
ACt2r_1,0.25742331239768884,0.006970650309832931
4HBAt,0.1909722273110321,0.0
4ABZt,0.15031897269898842,0.0
CHLabc_rev,0.0020518081559374197,2.4195850895488444e-06
PYDXNtr,0.19106623923461846,0.0
FORt,0.23453836699618663,0.0
GLYCLTt,0.11514385123644619,0.0
NO3t3,0.2540619633783501,0.002282254336162457
MNabc_rev,0.19887814680128088,0.0
ADOCBLabc,0.17661342234848998,0.0
AKGt2r_1,0.2816440824423447,0.009260961056298339
ACALDt,0.20512448437926972,0.0
OCDCEAt,0.23495139053555095,0.0
UREAt_2,0.25413109588539184,0.0018781017369787739
VIUB,0.21759827059152262,0.0028853237504600114
ETOHt3,0.2544080025548393,0.0012765601910694365
BTNTe,0.1878004780572723,0.0
NODCOAt,0.0,0.0
OCTSCOAt,0.0,0.0
PC_TBt,0.0,0.0
GLYTRS,0.22178384644474353,0.0026803976195760937
SELCYSS,0.0,0.0
TYRTRS,0.22668247023757646,0.0007662737109897375
ALDD19xr,0.19013269083444934,9.249606068237564e-06
ANPRT,0.22247064730319557,0.0024641720548871397
ANS,0.2232150519547837,0.0034051648870690988
CHORM,0.15017394715851665,0.0016589788903654957
CHORS,0.17942973628795678,0.005916938293693325
DDPA,0.23185992487060947,0.0008695833195747696
DHQTi,0.2189244672711709,0.001663868013246422
DHQS,0.1851936897439649,0.0008800681882961483
IGPS,0.14995693278401012,0.002485141792329896
PEAMNO,0.23971554860852545,0.0024458967916191417
PHYCBOXL,0.22668247023757646,0.00012418149880666856
PPND,0.129120942538202,0.0006042904880412094
PPNDH,0.129120942538202,0.00024251434059905757
PSCVT,0.22300185706275433,0.005906453424971946
SHK3Dr,0.2865700452220973,0.012386299935625187
SHKK,0.2300891296818958,0.0015371735987807366
TRPS1,0.19960072181637423,0.0028397025616824817
TRPS2,0.19960072181637423,4.3318251387749485e-05
TRPS3,0.12894267256369116,0.0007820663183563047
ACONMT,0.17199480246387017,7.894678467636572e-06
ACGS,0.29158032387724475,0.0023216564348332498
G5SD,0.24792454934399125,0.0014214258083029506
G5SD2,0.2099666765689782,1.8339479386742927e-05
GLU5K,0.2722039572657578,0.0010080628980456978
SPMS,0.17651328243787848,0.0025387407510052947
ACHBS,0.24461282801959533,0.000466351998963371
ACLS,0.23733971470872048,0.0004028996526457724
DHAD1,0.1938019874203808,8.635910852412634e-05
DHAD2,0.19432621252160112,2.9320489330084367e-05
ILETA,0.28421539177687616,0.0027925933103754466
IPMD,0.13908142626639092,0.00331321851595555
IPPMIa,0.1638189400769716,0.0033035401755973554
IPPMIb,0.19947282729150256,0.003293055306875977
IPPS,0.25426947383033355,0.003281763909791416
KARA1,0.2456422349760166,0.0019479763275259694
KARA2,0.24641999403134962,0.0019357485578430894
LEUTA,0.2845617846979936,0.005382152651377061
OMCDC,0.12083474930506083,0.0033237033846769282
VALTA,0.2870986097075976,0.005388276211706621
MACCOAT,0.2300891296818958,0.008952335564438835
ECOAH12,0.1706746669186431,0.0024631376211607233
3HBCOAHL,0.14401415225579262,0.002473622489882102
HACD9,0.14392537792861998,0.0008323461337538487
ECOAH9ir,0.17061230861870935,0.0008218612650324702
VPAMTr,0.24931440933764415,0.007561590004502982
EGTD,0.2046301002144643,0.0007500193702452166
DGTP8DETOX,0.16715953745791343,0.0
DGTP8OXO,0.2040034693316018,0.00082346545880979
GTP8OXO,0.2190458599775415,0.0
MMSAD2,0.11710743290016488,6.303413799849408e-05
ECHA20,0.1694668440172047,0.0024639441495239063
CHOL1,0.0008976660682226212,8.065283631829481e-07
FADE282,0.20754039497307,0.0027904934006213423
HOPNTAL2_1,0.1341470521946014,0.001941259545115445
ECHA192,0.1693439306217253,0.0016428982758036653
HSA,0.2439738185420102,0.004635775681250895
FADB3,0.1430217116966026,0.0016533831445250436
FADB2,0.14310937440680588,0.0016533831445250436
CHCD,0.14313130687797931,0.002474429018245285
HDAD,0.18936167424550182,0.006575625745030576
CHOD,0.23782321807456455,0.0010118429103483351
3HSA,0.18932328752864688,0.0016640173703507152
HSAC,0.23843037461802782,0.006565140876309198
HSAE,0.1570425050241828,0.0019307746763940667
HIAA,0.1238800606683665,0.002484913886966663
IPDAB,0.1341856001981056,0.0008406153659290651
KSH,0.23843037461802782,0.0016535325016293367
ECHA193,0.16937464225223342,0.0016454897416874475
CYP1,0.23867410615354331,0.0016541896728882268
IPDF,0.1341856001981056,1.6145292307973862e-05
HIPA,0.15706891647810545,0.0008301304972076868
CHOLCOA,0.20754039497307,0.0036303651818794386
ECHA191,0.1694668440172047,0.0016428982758036653
FADE30,0.2076788475380954,0.00761011238982221
CYP3,0.23904063920624907,0.003395614801300195
CYP2,0.1895923218389799,0.0016646745416096056
PRCOA1,0.14306552962298025,0.001655974610408826
FADE281,0.20772503945258342,0.006654659917597726
FADD3,0.1570425050241828,0.0021798875792569863
KSTD,0.1238472055932655,3.644313344752581e-06
FADD17,0.18974639930491977,0.003406099670021574
FADE51,0.1238472055932655,0.001663868013246422
FADE52,0.12378154769765608,0.0016638680132464224
HIPEOX,0.16940536502427264,0.002715169864865979
IPDCF,0.14308744865616901,0.0016437048041668483
ECHA20_2,0.1238472055932655,0.0016541896728882266
FADA6,0.10916794592388253,0.0016646745416096054
FADE31,0.20754039497307,0.0013614411887095301
MBKTHIO,0.16931323012668872,0.00010666322906212111
BACA,0.0,0.0
SDH1,0.2605109560331423,0.004566756194516117
DHFR_copy1,0.2859558412060058,0.017251808061540353
QRr,0.28105079066470506,0.007051339040869438
NADH2r,0.21529086615463694,0.0
ADK2,0.27268081091352264,0.015350964258197061
