,subsystem__Transport,subsystem__whole_metabolism,reaction__A_import,reaction__B_import,reaction__C_import,reaction__D_import,reaction__E_import,reaction__F_import,reaction__G_import,subsystem__S3,reaction__N_exp,subsystem__S5,reaction__R_exp,subsystem__S7,reaction__U_exp,reaction__V_exp,reaction__W_exp,reaction__X_exp,subsystem__S1,reaction__R_A_B__G_H,subsystem__S2,reaction__R_C_H__I,reaction__R_C_D__J,reaction__R_I__P,reaction__R_J__Q,reaction__R_E__M,reaction__R_F_M__N,reaction__R_N__T,reaction__R_N__U,subsystem__S4,reaction__R_H__K,reaction__R_G_K__L,reaction__R_K__O,reaction__R_L__W,reaction__R_O_P__R,subsystem__S6,reaction__R_P_Q__S,reaction__R_S_T__V_X,metabolite_synthesis__A_C,metabolite_synthesis__B_C,metabolite_synthesis__C_C,metabolite_synthesis__D_C,metabolite_synthesis__E_C,metabolite_synthesis__F_C,metabolite_synthesis__N_C,metabolite_synthesis__R_C,metabolite_synthesis__U_C,metabolite_synthesis__V_C,metabolite_synthesis__W_C,metabolite_synthesis__X_C,metabolite_synthesis__H_C,metabolite_synthesis__I_C,metabolite_synthesis__J_C,metabolite_synthesis__P_C,metabolite_synthesis__Q_C,metabolite_synthesis__M_C,metabolite_synthesis__T_C,metabolite_synthesis__K_C,metabolite_synthesis__L_C,metabolite_synthesis__O_C,metabolite_synthesis__S_C,metabolite_consuming__A_E,metabolite_consuming__B_E,metabolite_consuming__C_E,metabolite_consuming__D_E,metabolite_consuming__E_E,metabolite_consuming__F_E,metabolite_consuming__A_C,metabolite_consuming__B_C,metabolite_consuming__C_C,metabolite_consuming__D_C,metabolite_consuming__E_C,metabolite_consuming__F_C,metabolite_consuming__G_C,metabolite_consuming__N_C,metabolite_consuming__R_C,metabolite_consuming__U_C,metabolite_consuming__V_C,metabolite_consuming__W_C,metabolite_consuming__X_C,metabolite_consuming__H_C,metabolite_consuming__I_C,metabolite_consuming__J_C,metabolite_consuming__P_C,metabolite_consuming__Q_C,metabolite_consuming__M_C,metabolite_consuming__T_C,metabolite_consuming__K_C,metabolite_consuming__L_C,metabolite_consuming__O_C,metabolite_consuming__S_C
g001,12.234336734967286,36.35272124388898,5.36183041246155,5.361830412461705,5.171305617900586,4.975978843029447,0.09833637553096067,0.09833637553086028,5.229727625001555,3.043524865926764,0.056626884905718634,5.141314885661885,4.605214570377225,4.097285756281983,0.012144047527690929,4.975978843029503,4.507818516127658,4.520205832307664,5.361830412461262,5.361830412461262,12.351522445944772,5.266635950464908,4.975978843029066,5.266635950465274,4.975978843029741,0.09833637553096067,0.09833637553096067,4.975978843029444,0.0489938030351941,14.329490595028064,5.112740874421846,4.859395424180594,4.605214570377225,4.859395424180594,4.605214570377225,9.950957185725422,4.975978843029503,4.975978843029503,5.36183041246155,5.361830412461705,5.171305617900586,4.975978843029447,0.09833637553096067,0.09833637553086028,0.39034400112299145,25.47473032272073,0.6890191107921358,28.532156576809808,17.311367172182518,30.112482004768882,13.46542262529483,16.083437407536902,9.988701225483817,18.717840921295604,13.114944969255692,0.19567225072833772,5.924711627730333,14.946737159998273,14.864888144688086,16.948398838580413,27.820528109830274,48.221110869190966,48.221110869190966,38.34811278295014,25.83995159317758,12.647128644491236,12.647128644491236,44.805626868373565,44.805626868373466,34.61747465033242,22.38547662008065,12.217513154640478,12.217513154640423,9.561063833041242,11.630842184323509,4.605214570377225,0.012144047527690929,4.975978843029503,4.507818516127658,4.520205832307664,35.46692956865613,28.45982927052368,18.967961397512187,25.44230432741403,15.587182463036319,11.837861625912215,22.385476620080823,13.56319158930044,6.056032868661093,9.209428640420866,12.241704189161581
g002,0.15973063709426913,0.915455390592769,0.018612085341652856,0.018612085341727515,0.0,0.03486480676434871,0.009562493933241458,0.0095624939336131,0.009540675195415559,0.1052737422151184,0.0,0.04332121524980815,0.0009186339586967509,0.029335458503408036,0.004452706190069353,0.034864806763638845,0.03460637284920016,0.0,0.018612085340925424,0.018612085340925424,0.024892516971446173,0.01376888285668292,0.034864806763460696,0.013768882856976085,0.034864806764501544,0.009562493933241458,0.009562493933241458,0.03486480676449947,0.008159625592539441,0.16663147525272168,0.0,0.047129060732281715,0.0009186339586967509,0.047129060732281715,0.0009186339586967509,0.06872911319369407,0.034864806763638845,0.034864806763638845,0.018612085341652856,0.018612085341727515,0.0,0.03486480676434871,0.009562493933241458,0.0095624939336131,0.035248474732586604,0.3437532035216076,0.11922912469812935,0.3880710919277989,0.19987350199631732,0.4268101456490209,0.1456004484108018,0.20716095366968526,0.03997136605193925,0.24101810638006088,0.03443479621964954,0.0181244875328993,0.0,0.18036830388468364,0.16553662291578722,0.2017666900834977,0.3048743048527153,0.7984624361624637,0.7984624361624637,0.0,0.004824176197350797,0.3078788108830081,0.3078788108830081,0.7123148247680092,0.7123148247680113,0.0,0.01405603884495961,0.31086171072613283,0.3108617107261546,0.20892781907813995,0.141321424478828,0.0009186339586967509,0.004452706190069353,0.034864806763638845,0.03460637284920016,0.0,0.5033776862156163,0.0,0.029398218007220835,0.0,0.039334484828474126,0.27390520608248237,0.01405603884500765,0.16692697648399227,0.025949783853512213,0.0008367675838098772,0.031725951227441825
g003,0.3161259303656014,1.6108880064363746,0.028771303396212144,0.028771303396689075,0.0,0.04425966100943278,0.0,0.0,0.0,0.1263332142580443,0.0008754779194710418,0.09505520192927837,0.0,0.07177181996079442,0.051185643961516356,0.04425966101085085,0.0442014977948428,0.030041972520902196,0.0287713033954881,0.0287713033954881,0.1395749363741549,0.005456073182186922,0.04425966101144407,0.00545607318043415,0.044259661011851664,0.0,0.0,0.04425966101062976,0.03826048950183619,0.3234145947379226,0.0844908276740711,0.10173929532513992,0.0,0.10173929532513992,0.0,0.08751882168811805,0.04425966101085085,0.04425966101085085,0.028771303396212144,0.028771303396689075,0.0,0.04425966100943278,0.0,0.0,0.0,0.47488024735425366,0.1501133616152362,0.7939681144613208,0.17411407418109953,0.8423948279643768,0.14555849429736012,0.272833775863445,0.08238795824477646,0.3112270950457425,0.09925513620817461,0.0,0.0,0.14186363901019258,0.1395551664939824,0.21611728441642633,0.5426708446519266,1.0676498633162432,1.0676498633162432,0.459696997540621,0.14334504924327013,0.3357728429611411,0.3357728429611411,0.988587829439829,0.9885878294398074,0.4198984353109557,0.12506115295950918,0.33525112407578045,0.3352511240758247,0.1573464600220323,0.32232425587360525,0.0,0.051185643961516356,0.04425966101085085,0.0442014977948428,0.030041972520902196,0.7799796054522581,0.267464705066348,0.11866940856160843,0.20674971826830496,0.10259725571822496,0.3416691916201174,0.12506115295937884,0.19445313800873498,0.06872059943676623,0.0,0.07590429682699078
g004,4.145165786436652,14.322537597621606,0.06253271474293584,0.06253271474285738,2.069065556570203,4.975978843029447,0.02969256116477513,0.029692561163431934,0.5457950150595618,3.083480807432972,0.07965687749290966,0.11788043037655929,0.0,4.1052620542173255,0.007949446683302518,4.975978843029503,0.08589643725714372,4.520205832307664,0.0625327147424703,0.0625327147424703,9.42007011941254,1.1205786571196035,4.975978843029066,1.120578657119374,4.975978843029741,0.02969256116477513,0.02969256116477513,4.975978843029444,0.048138443651663476,0.2864685415549244,0.04143707643535281,0.0909030741989948,0.0,0.0909030741989948,0.0,9.950957185725422,4.975978843029503,4.975978843029503,0.06253271474293584,0.06253271474285738,2.069065556570203,4.975978843029447,0.02969256116477513,0.029692561163431934,0.11576874365700648,9.763188354282047,0.4856757967421087,12.017503020977445,2.643336138202759,13.210758420979772,1.2309790826234284,5.702826480845133,7.635948440869506,6.57515811635227,10.535226576212583,0.05838462199596663,5.945015315661255,2.2400499668779967,2.362747117511262,3.41716274720582,13.646484517905304,23.86563695289462,23.86563695289462,30.206742056641392,25.83995159317758,12.723930154411725,12.723930154411725,23.357909149522076,23.35790914952205,27.49178368835383,22.38547662008065,12.28549976923875,12.285499769238841,1.2493718998860983,11.675967582959345,0.0,0.007949446683302518,4.975978843029503,0.08589643725714372,4.520205832307664,22.59481216449062,25.012513340836765,18.967961397512187,23.143002355740276,15.587182463036319,11.901891465422962,22.385476620080823,1.277102614646898,1.6000445777094146,0.0,12.241704189161581
g005,13.595727689746225,44.288740579823504,0.15017476085545214,0.1501747608551639,1.711670097128957,4.975978843029447,5.513723216458516,5.513723216458448,0.38117387573259187,12.738269349559323,4.636080517783715,0.03300607381282444,0.0,6.69164873971115,4.645913184634437,4.975978843029503,0.0033093334456537936,4.520205832307664,0.15017476085448977,0.15017476085448977,9.40884670074916,0.7954425058347008,4.975978843029066,0.7954425058341971,4.975978843029741,5.513723216458516,5.513723216458516,4.975978843029444,4.913687952617063,0.22985588765828383,0.019257501085788883,0.06402115550469448,0.0,0.06402115550469448,0.0,9.950957185725422,4.975978843029503,4.975978843029503,0.15017476085545214,0.1501747608551639,1.711670097128957,4.975978843029447,5.513723216458516,5.513723216458448,22.051891364833246,9.639645829771741,17.185943613501433,33.90946540207781,2.474033716921911,35.75755251427028,0.9489053091086138,5.5965377031346915,7.634535739637511,6.433868310952963,10.534614240925139,11.026445932583448,18.511139406690532,2.0278402946054674,2.2194904831666813,3.31295753979708,13.555134791792883,23.743650017218698,23.743650017218698,30.183904762650148,25.83995159317758,35.15958887976773,35.15958887976773,23.241674502222693,23.24167450222275,27.46451154719076,22.38547662008065,31.797277510835944,31.797277510835926,0.9942864243818038,20.156765511026602,0.0,4.645913184634437,4.975978843029503,0.0033093334456537936,4.520205832307664,22.52141550920911,25.000308308933022,18.967961397512187,23.13281116507486,15.587182463036319,28.309931379171516,22.385476620080823,1.1471499300227295,1.6253132458909176,0.0,12.241704189161581
g006,13.594194806997638,44.278051068638,0.050485373560060186,0.050485373560468526,1.9614141605626674,4.975978843029447,5.513723216458516,5.513723216458448,0.5319113706420542,12.738269349559323,4.636080517783715,0.1734265587114154,4.9614741551549674e-05,6.69164873971115,4.645913184634437,4.975978843029503,0.12716589782262225,4.520205832307664,0.05048537356053972,0.05048537356053972,9.415097592847376,1.0552493654938835,4.975978843029066,1.0552493654950172,4.975978843029741,5.513723216458516,5.513723216458516,4.975978843029444,4.913687952617063,0.3067239161371289,0.049303858409732206,0.14064172963883975,4.9614741551549674e-05,0.14064172963883975,4.9614741551549674e-05,9.950957185725422,4.975978843029503,4.975978843029503,0.050485373560060186,0.050485373560468526,1.9614141605626674,4.975978843029447,5.513723216458516,5.513723216458448,22.051891364833246,9.670397710159282,17.185943613501433,33.90754983143954,2.537018201031762,35.75538735682169,1.0936699152170204,5.65631550177787,7.645449571612382,6.519326296193472,10.544972535529883,11.026445932583448,18.511139406690532,2.154291026687707,2.266968628265426,3.333898266030757,13.590757818785267,23.750483075207303,23.750483075207303,30.19612648677771,25.83995159317758,35.15958887976773,35.15958887976773,23.256743465930672,23.25674346593062,27.47657697885599,22.38547662008065,31.797277510835944,31.797277510835926,1.1765581851860538,20.156765511026602,4.9614741551549674e-05,4.645913184634437,4.975978843029503,0.12716589782262225,4.520205832307664,22.53090668751493,25.005049218010534,18.967961397512187,23.137609979545953,15.587182463036319,28.309931379171516,22.385476620080823,1.248600517375699,1.5910939588072246,0.0,12.241704189161581
g007,13.601898279256545,44.2953984443103,0.15409667987567663,0.15409667987621026,2.2790648675676737,4.975978843029447,5.513723216458516,5.513723216458448,0.5069163892053494,12.738269349559323,4.636080517783715,0.08969295556401075,0.0,6.69164873971115,4.645913184634437,4.975978843029503,0.04038739281388198,4.520205832307664,0.15409667987610057,0.15409667987610057,9.449255445388546,1.1233019189472475,4.975978843029066,1.123301918947727,4.975978843029741,5.513723216458516,5.513723216458516,4.975978843029444,4.913687952617063,0.15499109129224486,0.03727615646383924,0.06682810829954249,0.0,0.06682810829954249,0.0,9.950957185725422,4.975978843029503,4.975978843029503,0.15409667987567663,0.15409667987621026,2.2790648675676737,4.975978843029447,5.513723216458516,5.513723216458448,22.051891364833246,9.74913825605829,17.185943613501433,33.92218382610982,2.573623894183403,35.77052651111285,1.1449448215928686,5.714301254387371,7.751794102199371,6.591563310892611,10.6492921999824,11.026445932583448,18.511139406690532,2.1899364121487697,2.3148800946702073,3.3669187809604177,13.669593496429705,23.887149563614884,23.887149563614884,30.240796831948057,25.83995159317758,35.15958887976773,35.15958887976773,23.37698002678862,23.37698002678862,27.506463832735257,22.38547662008065,31.797277510835944,31.797277510835926,1.159983651745005,20.156765511026602,0.0,4.645913184634437,4.975978843029503,0.04038739281388198,4.520205832307664,22.601320434258103,25.01429719341448,18.967961397512187,23.14078807855889,15.587182463036319,28.309931379171516,22.385476620080823,1.1885256436327745,1.6008338156077757,0.0,12.241704189161581
g008,12.235256277508519,36.37453621738888,5.36183041246155,5.361830412461705,5.171305617900586,4.975978843029447,0.06273398109135496,0.06273398109172304,5.229727625001555,3.070175889397442,0.00325385066830987,5.141314885661885,4.605214570377225,4.099571443272862,0.004898365377439172,4.975978843029503,4.507818516127658,4.520205832307664,5.361830412461262,5.361830412461262,12.351522445944772,5.266635950464908,4.975978843029066,5.266635950465274,4.975978843029741,0.06273398109135496,0.06273398109135496,4.975978843029444,0.10299117385677146,14.329490595028064,5.112740874421846,4.859395424180594,4.605214570377225,4.859395424180594,4.605214570377225,9.950957185725422,4.975978843029503,4.975978843029503,5.36183041246155,5.361830412461705,5.171305617900586,4.975978843029447,0.06273398109135496,0.06273398109172304,0.24793442336503704,25.47473032272073,0.6487725752375695,28.53485768374798,17.311367172182518,30.11528224672801,13.46542262529483,16.083437407536902,9.988701225483817,18.717840921295604,13.114944969255692,0.1244674618491263,5.964623465688122,14.946737159998273,14.864888144688086,16.948398838580413,27.820528109830274,48.221110869190966,48.221110869190966,38.34811278295014,25.83995159317758,12.702811926861312,12.702811926861312,44.805626868373565,44.805626868373466,34.61747465033242,22.38547662008065,12.265646403044155,12.265646403044181,9.561063833041242,11.637238789812809,4.605214570377225,0.004898365377439172,4.975978843029503,4.507818516127658,4.520205832307664,35.46692956865613,28.45982927052368,18.967961397512187,25.44230432741403,15.587182463036319,11.877135283519648,22.385476620080823,13.56319158930044,6.056032868661093,9.209428640420866,12.241704189161581
g009,7.278582357477641,23.461563499841077,3.029026358642486,3.029026358642863,0.6303863589133339,0.31258815761216124,0.024546040269344264,0.024546040269227236,1.451759778469052,0.509681667227052,0.0,5.141314885661885,4.605214570377225,0.5470663987422054,0.03117981624158097,0.31258815761200887,4.507818516127658,0.0,3.029026358642311,3.029026358642311,5.196310275301011,1.0013018313414455,0.31258815761157244,1.0013018313409348,0.31258815761235,0.024546040269344264,0.024546040269344264,0.3125881576120779,0.04651276272780541,14.329490595028064,5.112740874421846,4.859395424180594,4.605214570377225,4.859395424180594,4.605214570377225,0.6241758148904342,0.31258815761200887,0.31258815761200887,3.029026358642486,3.029026358642863,0.6303863589133339,0.31258815761216124,0.024546040269344264,0.024546040269227236,0.09518266007650916,18.36214596589814,0.23491708248771842,17.138787156743806,12.547948514765993,18.10740612710777,7.707651488617952,10.978728748461824,2.9308223257997157,12.714368636667317,3.969827733671009,0.0480915802051049,0.6090663332619575,10.09280334494788,10.455871910310666,11.341353045603945,19.52049947262524,36.54649141201349,36.54649141201349,19.771744218541457,7.532709369523326,1.531431390208581,1.531431390208581,33.897395069613225,33.89739506961264,19.15578980841393,6.765570442333251,1.4650399181740252,1.4650399181740188,7.635930414462422,1.1669121599182575,4.605214570377225,0.03117981624158097,0.31258815761200887,4.507818516127658,0.0,26.27917402328694,14.93568883015277,5.969640053084918,13.197289187642497,5.133654725735086,1.3942532967374222,6.765570442333459,13.56319158930044,6.056032868661093,9.209428640420866,4.234651714069815
g010,3.9467420528284762,13.77404557076618,0.07674443600436506,0.07674443600518531,1.8394131905042805,4.975978843029447,0.05747649305659072,0.05747649305677827,0.38266528052914905,3.0277835252823233,0.016118845583643945,0.08721343697372247,0.0018454921319830632,4.091848613456011,0.0,4.975978843029503,0.05120524254478486,4.520205832307664,0.07674443600559437,0.07674443600559437,9.416709623811128,0.8888948736528051,4.975978843029066,0.8888948736522985,4.975978843029741,0.05747649305659072,0.05747649305659072,4.975978843029444,0.0436142418043641,0.2597630005923916,0.007861985142225253,0.10314114319727777,0.0018454921319830632,0.10314114319727777,0.0018454921319830632,9.950957185725422,4.975978843029503,4.975978843029503,0.07674443600436506,0.07674443600518531,1.8394131905042805,4.975978843029447,0.05747649305659072,0.05747649305677827,0.22690447122579965,9.57778055692246,0.5477978001353165,11.619557495610664,2.3784161473131964,12.812994623372454,0.8887005283349545,5.573467922672005,7.668510628519992,6.413591694061757,10.56771762898413,0.11395248577959782,5.930209912004529,2.00083134698058,2.1511985155757998,3.2309865016941663,13.514024990212011,23.65665180297288,23.65665180297288,30.186237705269317,25.83995159317758,12.65955418872646,12.65955418872646,23.174155607513388,23.174155607513374,27.465612093661644,22.38547662008065,12.230891108631928,12.230891108631884,1.0477015797028288,11.631619554961109,0.0018454921319830632,0.0,4.975978843029503,0.05120524254478486,4.520205832307664,22.49311209181693,25.000109345773456,18.967961397512187,23.13383627576397,15.587182463036319,11.85380427558741,22.385476620080823,1.1728763807520528,1.5990424374010708,0.0026904839303825007,12.241704189161581
g011,0.9923114162793109,15.444674448220956,0.04721641437822515,0.047216414379155316,0.08496594796396198,0.2138525401102522,0.23607211556241653,0.2360721155624943,0.03328969103116882,6.757600987532082,0.1992732132167984,0.021446669146348952,0.0,5.535013541655685,4.645913184634437,0.21385254011105162,0.0,0.0,0.04721641437966843,0.04721641437966843,0.4568912723397107,0.08630450890953675,0.21385254010911214,0.08630450891016853,0.21385254011070803,0.23607211556241653,0.23607211556241653,0.2138525401105998,4.913687952617063,0.251179220701298,0.0037949603693878267,0.07221623928012491,0.0,0.07221623928012491,0.0,0.4267045798885196,0.21385254011105162,0.21385254011105162,0.04721641437822515,0.047216414379155316,0.08496594796396198,0.2138525401102522,0.23607211556241653,0.2360721155624943,0.9412869612489931,1.0348818578256673,8.689615058649046,2.442250967010171,0.48737191969850874,2.5959729507286347,0.2449755236911791,0.6071708806244623,0.3350305122386103,0.7083232662592848,0.43895869472023125,0.4711437307912495,0.9114432639047868,0.3723494291985527,0.4088369067457126,0.5291612427969183,1.154092672189007,2.7997465899055998,2.7997465899055998,3.0838355972478033,7.47533974898635,16.301926999855006,16.301926999855006,2.6700527409475163,2.6700527409473933,3.0241579965258665,6.7143015567901765,15.549226079458961,15.549226079458922,0.6794131302515137,12.957578148573903,0.0,4.645913184634437,0.21385254011105162,0.0,0.0,2.417424980687469,3.0935775674559247,5.926911204819869,3.046583854683915,5.097777833454945,14.790834384753353,6.714301556790701,1.1717134605368626,1.6441882662207044,0.0,4.205672549050135
g012,0.5137076629592479,1.9901353634938819,0.05316031618791946,0.05316031618789106,0.0,0.05970975777614789,0.0,0.0,0.04339800517261317,0.09775905367888776,0.0,0.14665837702289342,0.03144785212536449,0.0290178528772879,0.014683089833523509,0.05970975777640762,0.05749405431568601,0.044738019214283574,0.05316031618727069,0.05316031618727069,0.11977846215258497,0.0009604430084331874,0.05970975777630208,0.0009604430093248039,0.0597097577759851,0.0,0.0,0.05970975777613858,0.024603641773207813,0.3604986634368979,0.07806717259316581,0.1291248052384861,0.03144785212536449,0.1291248052384861,0.03144785212536449,0.11841901521923165,0.05970975777640762,0.05970975777640762,0.05316031618791946,0.05316031618789106,0.0,0.05970975777614789,0.0,0.0,0.0,0.7071427879074313,0.24831770444458873,1.324756522110632,0.3197964824183577,1.3994531984998155,0.22225259397390779,0.4491886319707855,0.11137599295381254,0.5241604535330806,0.12363394625743973,0.0,0.0,0.25371613591694653,0.2581680647018537,0.30673273491813213,0.8121523492884691,1.5376086408099834,1.5376086408099834,0.427903789243962,0.16237269518145253,0.42230074481107077,0.42230074481107077,1.4341746787392644,1.4341746787392768,0.34951408788223015,0.14169219049033813,0.39940308283008374,0.39940308283009013,0.25157318966307124,0.14134875290098797,0.03144785212536449,0.014683089833523509,0.05970975777640762,0.05749405431568601,0.044738019214283574,1.1060747933722492,0.2637088552843172,0.12357695879632292,0.21781130418625994,0.10928288692915973,0.34919617738635855,0.14169219049039714,0.29735865619863433,0.0807759448708528,0.06189520391714537,0.08126595212881398
g013,1.5860195104665824,15.917632096559883,0.001820470464879792,0.001820470465297449,0.1396349560659305,0.22479660956774902,0.5892014360396955,0.5892014360394173,0.0734773731109994,6.815618171781829,0.030533112840140007,0.032192367111379495,0.0,5.5410651970551426,4.645913184634437,0.22479660956675304,0.00903730945503934,0.0,0.0018204704645624174,0.0018204704645624174,0.45448548353406454,0.13111286133894978,0.22479660956634154,0.13111286133888697,0.22479660956751693,0.5892014360396955,0.5892014360396955,0.22479660956601624,4.913687952617063,0.2534915338396027,0.0,0.10232454096780849,0.0,0.10232454096780849,0.0,0.44859271879992235,0.22479660956675304,0.22479660956675304,0.001820470464879792,0.001820470465297449,0.1396349560659305,0.22479660956774902,0.5892014360396955,0.5892014360394173,2.353804243157753,1.0811579771449196,8.754910758083337,3.901801286900066,0.4882554275482798,4.119670836483913,0.2054175946804979,0.6384907278907118,0.34610903381158586,0.753971848022308,0.4540428601068003,1.1774023717458073,1.6630478801942976,0.36293245534664426,0.3967013402982294,0.5048958773544924,1.2484341245284016,2.8352708275863727,2.8352708275863727,3.048161548933973,7.546756447029078,16.45924149381722,16.45924149381722,2.6939891951363224,2.6939891951362593,2.987345781228016,6.7721857096303655,15.672389147681944,15.672389147681962,0.7020071413568832,12.970010750291287,0.0,4.645913184634437,0.22479660956675304,0.00903730945503934,0.0,2.445383417601641,3.0706485506201395,5.973680137215637,3.05342930635677,5.134946152497884,14.884277927230244,6.772185709630068,1.1920758860136005,1.6162942697991376,0.0,4.235760318138381
g014,3.0706622798352248,13.27896285199228,0.9308663607131719,0.9308663607129705,0.19311813910406553,0.3091796095317926,0.05992500744987579,0.05992500744985331,0.07549066960329617,0.3874696141883254,0.0,4.239450810629636,0.0,0.5963302104095928,0.005346439712518271,0.30917960952865436,4.507818516127658,0.0,0.9308663607130324,0.9308663607130324,0.6550374905609803,0.1321242844530726,0.3091796095271951,0.13212428445194013,0.30917960952950646,0.05992500744987579,0.05992500744987579,0.30917960952804546,0.0481523844071557,12.47787454333658,1.585997488528936,4.859395424180594,0.0,4.859395424180594,0.0,0.6173587187237252,0.30917960952865436,0.30917960952865436,0.9308663607131719,0.9308663607129705,0.19311813910406553,0.3091796095317926,0.05992500744987579,0.05992500744985331,0.23669852879872982,10.704782256039234,0.2026086905232475,6.767733424277097,9.58102965861096,7.115820294590877,6.4316739306255455,5.8496638946745705,0.4980056475870939,6.807912487259006,0.6449863312267037,0.11884951456616796,0.5251270215849951,6.499646910906983,7.051053417000132,7.801824602185271,9.891933460500939,23.91260435490045,23.91260435490045,3.498778201188817,7.784787638154128,1.3709392704756127,1.3709392704756127,22.947279857969374,22.947279857969267,3.363850870124767,6.975245289536018,1.316572028893501,1.3165720288934224,7.461082660369196,1.1677940479803368,0.0,0.005346439712518271,0.30917960952865436,4.507818516127658,0.0,20.406165069541874,3.3869164212181575,6.138083971850528,3.3143032018552043,5.262443630526445,1.2713005508314505,6.975245289536959,12.008364487015772,6.056032868661093,0.0,4.3313381142638825
g015,1.6900064966558883,5.716569131837844,0.1950251254949719,0.19502512549487602,0.21465402243906995,0.07430984221943443,0.023362764464976638,0.023362764465134345,1.2943004896681145,0.0679908130194158,0.03777516411876511,2.761152426800414,4.605214570377225,0.03823415475362171,0.02487534525382651,0.07430984221936703,0.005025154491268529,0.015465540476537976,0.19502512549413747,0.19502512549413747,5.178579975780889,0.5614449403501263,0.07430984221919083,0.5614449403497617,0.07430984221921838,0.023362764464976638,0.023362764464976638,0.07430984221897899,0.025419644549378558,6.457305370582891,0.030491176385899158,0.01607807770633565,4.605214570377225,0.01607807770633565,4.605214570377225,0.14761918410515043,0.07430984221936703,0.07430984221936703,0.1950251254949719,0.19502512549487602,0.21465402243906995,0.07430984221943443,0.023362764464976638,0.023362764465134345,0.09044955685931341,5.773003363965486,0.014391114251838668,3.7960899983340806,2.944814271352734,4.023276127544081,2.3332300767258434,2.973646298277021,2.8777659652602865,3.4174182111129108,3.9027289735168997,0.04572502859636964,0.009321850802645106,2.4167452477598257,2.2709792614114597,3.532460228245656,5.976958413435756,12.736035842680938,12.736035842680938,17.47020311436135,0.3230668522228161,0.24084483719538793,0.24084483719538793,12.244385401359342,12.244385401358974,16.988510180292995,0.2803897145385564,0.2515461933455382,0.2515461933455166,1.990368070142912,0.1519212879992651,4.605214570377225,0.02487534525382651,0.07430984221936703,0.005025154491268529,0.015465540476537976,8.85559695303525,12.76099988428818,0.2401051508616363,11.142488080283023,0.20210479330456577,0.2215510790922418,0.28038971453845746,5.863575214084335,0.022119271907068232,9.209428640420866,0.14977262151224627
g016,4.090342626335892,14.244807259909857,0.11017228546607791,0.11017228546630985,1.8689149925544197,4.975978843029447,0.06426305725558744,0.0642630572554332,0.5264663125490129,2.9708517242377948,0.03939889921282348,0.1410760010582297,0.013301600989071226,4.089523400192327,0.029508200352415855,4.975978843029503,0.12193088657268399,4.520205832307664,0.11017228546548577,0.11017228546548577,9.412526893546762,1.043027146562887,4.975978843029066,1.0430271465632566,4.975978843029741,0.06426305725558744,0.06426305725558744,4.975978843029444,0.07120865758115888,0.33942776502617716,0.037658005138915755,0.11813565348814005,0.013301600989071226,0.11813565348814005,0.013301600989071226,9.950957185725422,4.975978843029503,4.975978843029503,0.11017228546607791,0.11017228546630985,1.8689149925544197,4.975978843029447,0.06426305725558744,0.0642630572554332,0.2540507280214446,9.666269862589465,0.4139086393160772,11.907120835566538,2.5489033748145054,13.100374297998059,1.1779238574117483,5.632502304685675,7.629132545262051,6.486255693757356,10.529280944693198,0.12752561417759126,5.938314548845255,2.154065253033441,2.278808996143227,3.345217838566351,13.567998549855906,23.750002082558048,23.750002082558048,30.19692537583911,25.83995159317758,12.563640561371228,12.563640561371228,23.255775129032468,23.25577512903251,27.481109509289773,22.38547662008065,12.147874582756053,12.14787458275604,1.2001537541581626,11.607942810201692,0.013301600989071226,0.029508200352415855,4.975978843029503,0.12193088657268399,4.520205832307664,22.543492869571406,25.007570655944054,18.967961397512187,23.138079009145446,15.587182463036319,11.779551851502923,22.385476620080823,1.2658730059178895,1.5977037076739407,0.025602701644558846,12.241704189161581
g017,1.5471491251656588,7.583520449950813,0.27214883009681345,0.27214883009643304,0.0,0.03519189561954006,0.02842966468850313,0.02842966468798925,0.010869539957678103,0.15062515366603707,0.017951034370645078,4.240229780861361,0.0,0.059003466142943925,0.01289085616028601,0.03519189562079585,4.507818516127658,0.0,0.2721488300957096,0.2721488300957096,0.02484760607338705,0.0,0.035191895620159265,0.0,0.03519189562145199,0.02842966468850313,0.02842966468850313,0.035191895622005046,0.027001295915904524,3.8819929709456567,0.7138975178907948,1.3152732532766638,0.0,1.315273253275193,0.0,0.06938329090800807,0.03519189562079585,0.03519189562079585,0.27214883009681345,0.27214883009643304,0.0,0.03519189561954006,0.02842966468850313,0.02842966468798925,0.11071715775274779,5.481427087331556,0.15523267890141512,3.2610613873187826,3.753095420662099,3.4007640789569176,2.323554147909058,3.1437247856390584,0.012906695630030536,3.727458944233831,0.009128772790596726,0.05585882904342262,0.04971776775338232,2.970505700107242,2.9904528629671363,3.213953504401702,5.0680249940609325,14.200417226865792,14.200417226865792,0.2031710294600226,0.22533261147444072,0.41543995891904073,0.41543995891904073,13.768553653329352,13.76855365332952,0.16935108415598393,0.1894317940280598,0.4055723994059439,0.4055723994059321,4.667354056808493,0.34229314266451266,0.0,0.01289085616028601,0.03519189562079585,4.507818516127658,0.0,12.901284526423726,0.08347786119042652,0.16118423551376695,0.09789711210174094,0.13146862112653163,0.4141438359839702,0.18943179402844712,7.4901358636962865,4.7310989381725825,0.0,0.09745067191613112
g018,1.6467508792609062,5.830051966346065,0.0,0.0,0.1348136919719997,0.012929514000075843,0.028746578091490473,0.02874657809087579,0.9638000568345687,0.10759058540760255,0.002218853451868624,2.7488884489905603,4.605214570377225,0.06460961692088443,0.02352055232725557,0.012929514000279516,0.20155174708232737,0.01176155779673526,0.0,0.0,5.079375659569652,0.397350784142221,0.012929513999712663,0.3973507841427853,0.012929514002586504,0.028746578091490473,0.028746578091490473,0.012929514000859817,0.0,6.444368456497519,0.04224098345098914,0.2566971211507137,4.605214570377225,0.2566971211507137,4.605214570377225,0.024858527666975397,0.012929514000279516,0.012929514000279516,0.0,0.0,0.1348136919719997,0.012929514000075843,0.028746578091490473,0.02874657809087579,0.1119848113645963,5.516025427535371,0.06931328645589185,3.681586627294357,2.781777640096434,3.896462406540072,2.145026204430145,2.774610437643484,2.772304195331846,3.1831958311051034,3.769359252885098,0.056492655849397326,0.015653990955311427,2.127173940863224,2.112041572634757,3.282815859600481,5.725914077742295,12.556737104605562,12.556737104605562,17.23213663345836,0.16763493637114257,0.30113090560223343,0.30113090560223343,12.091536895938908,12.091536895938706,16.791271623690772,0.1419111841952743,0.29200147140046556,0.29200147140050026,2.0032724948385936,0.24498853102314644,4.605214570377225,0.02352055232725557,0.012929514000279516,0.20155174708232737,0.01176155779673526,8.855125654503103,12.59572177997487,0.11520054086374912,11.008483150260947,0.09450154990636674,0.25249377977026094,0.14191118419539817,5.8467089250268005,0.21743173145446804,9.209428640420866,0.0705478321707456
g019,3.9563052935301353,13.961045348062134,0.0911549901111703,0.09115499011111104,1.9125314676863987,4.975978843029447,0.19245489482696324,0.19245489482719866,0.3430379381415209,3.145391944896659,0.0,0.07081028313907116,0.014208566958711632,4.09333026921086,0.0197041117239454,4.975978843029503,0.004258290041559496,4.520205832307664,0.09115499011041145,0.09115499011041145,9.418778962434944,0.8174232792335616,4.975978843029066,0.8174232792337355,4.975978843029741,0.19245489482696324,0.19245489482696324,4.975978843029444,0.04723766008439724,0.22654192501898676,0.0025069281629544965,0.05811984201432316,0.014208566958711632,0.05811984201432316,0.014208566958711632,9.950957185725422,4.975978843029503,4.975978843029503,0.0911549901111703,0.09115499011111104,1.9125314676863987,4.975978843029447,0.19245489482696324,0.19245489482719866,0.7668180783073375,9.653638775194972,1.0536682579840788,11.669750921914254,2.396030518286701,12.867162534012623,0.781092509441879,5.625490276342273,7.672474458180556,6.472178474572629,10.571378909541242,0.38390928932034285,5.9848174222540855,1.9973450291971888,2.1620403584200005,3.2757221625415083,13.589969005326067,23.79603217447561,23.79603217447561,30.197075777630705,25.83995159317758,12.891736142680505,12.891736142680505,23.292238388537555,23.292238388537548,27.478286334809113,22.38547662008065,12.431139901928605,12.431139901928553,0.9528958255187415,11.691434966122648,0.014208566958711632,0.0197041117239454,4.975978843029503,0.004258290041559496,4.520205832307664,22.553709517503325,25.00440370506314,18.967961397512187,23.1362003986149,15.587182463036319,12.016079945296577,22.385476620080823,1.130124817276862,1.6118402910357494,0.027416633583839636,12.241704189161581
g020,7.35568567858483,23.59643284098682,3.2617041867797525,3.2617041867800283,0.5943443946571164,0.2815550826911246,0.052374674877298695,0.05237467487741634,1.613534787446234,0.5001726136545455,0.019916553493099377,5.141314885661885,4.605214570377225,0.5871323283288408,0.013121105427088227,0.28155508269060125,4.507818516127658,0.0,3.2617041867797307,3.2617041867797307,5.262066709523834,1.025535009799299,0.28155508268999524,1.0255350097996452,0.28155508269012974,0.052374674877298695,0.052374674877298695,0.28155508269052004,0.10770503472560791,14.329490595028064,5.112740874421846,4.859395424180594,4.605214570377225,4.859395424180594,4.605214570377225,0.562109665047619,0.28155508269060125,0.28155508269060125,3.2617041867797525,3.2617041867800283,0.5943443946571164,0.2815550826911246,0.052374674877298695,0.05237467487741634,0.20649719850856157,18.456488624549564,0.4177677953077091,17.246240268087956,12.762737642564348,18.212589671262798,8.058398069098576,11.057371911970696,2.9902397679239496,12.802759129206773,4.041411472067356,0.10374884942101377,0.5680303691446265,10.300800428111337,10.665128158662162,11.571605069084733,19.587296704335373,36.61111126813037,36.61111126813037,19.86381882832185,7.615735168165494,1.5550481398147313,1.5550481398147313,33.95267627666394,33.952676276663944,19.222736296393972,6.829387419459641,1.5139792561004548,1.513979256100504,7.699578776098276,1.259403698687084,4.605214570377225,0.013121105427088227,0.28155508269060125,4.507818516127658,0.0,26.309031098125303,14.976302011022957,6.0186091441415455,13.232071218472047,5.167651018238187,1.46421859221268,6.829387419459457,13.56319158930044,6.056032868661093,9.209428640420866,4.2627665993498844
g021,1.3404902578361948,4.951958995565017,0.0,0.0,0.6563668140803499,0.8508178802911617,0.0,0.0,0.24779373106253624,0.8515045478654408,0.015505100779700744,0.0376916412573588,0.0,2.218016132643433,0.009870512898787692,0.8508178802905723,0.002934252566600156,4.520205832307664,0.0,0.0,1.7539585343860153,0.469475473718054,0.8508178802905375,0.46947547371858206,0.8508178802912119,0.0,0.0,0.8508178802903983,0.0,0.11712229807660927,0.0,0.048614560252752695,0.0,0.048614560252752695,0.0,1.7006352602475607,0.8508178802905723,0.8508178802905723,0.0,0.0,0.6563668140803499,0.8508178802911617,0.0,0.0,0.0,2.927425035694435,0.38459485380164854,3.5529794410236915,0.9781091035280031,3.8389580220396824,0.4742490032291059,1.7697913184871246,1.4362346144159048,2.086893194131767,1.915794510412456,0.0,1.4151172637096654,0.8729485771640355,0.8772262800919861,1.1866277830437666,3.457109111316787,7.666816461824468,7.666816461824468,9.13949241298488,12.698509462909712,3.7812923309111484,3.7812923309111484,7.450304536248313,7.450304536248408,8.78928974455799,11.33926817222333,3.6608445226015363,3.6608445226015434,0.4957032249785491,3.6081865451925847,0.0,0.009870512898787692,0.8508178802905723,0.002934252566600156,4.520205832307664,7.037864280270383,8.459820785662165,9.956856313161987,8.146459115091051,8.540724881698738,3.5433446138445457,11.339268172223457,0.12230009219729315,0.06144096372334108,0.0,7.0752013416090636
g022,3.8225758167647057,13.554857002221302,0.05901571779015023,0.059015717789814466,1.3549215232161145,4.975978843029447,0.03995301769660906,0.03995301769665923,0.22058913953228126,3.007642187628658,0.07868191822112093,0.14675953064358666,0.053103839656919,4.09298987550124,0.01768513411336325,4.975978843029503,0.05199580152805671,4.520205832307664,0.0590157177892148,0.0590157177892148,9.400871965843796,0.5203539419595513,4.975978843029066,0.5203539419604747,4.975978843029741,0.03995301769660906,0.03995301769660906,4.975978843029444,0.042732499417456944,0.3383639519645119,0.02721454588721287,0.04884540913061486,0.053103839656919,0.04884540913061486,0.053103839656919,9.950957185725422,4.975978843029503,4.975978843029503,0.05901571779015023,0.059015717789814466,1.3549215232161145,4.975978843029447,0.03995301769660906,0.03995301769665923,0.15681056978573554,9.495638329265546,0.42250108419003884,11.41132343462294,2.264465068259014,12.611014510522294,0.6492996188547259,5.482465091824935,7.597429786249479,6.292366462437305,10.499021738674687,0.07890553505963448,5.93085441198367,1.8571995703441169,2.0389334954464036,3.1449887605738462,13.441895526899875,23.581564455161043,23.581564455161043,30.180400298952755,25.83995159317758,12.604085710907063,12.604085710907063,23.10242141535502,23.102421415354964,27.46606047058491,22.38547662008065,12.181085565777243,12.181085565777234,0.8513564483552318,11.610522436988273,0.053103839656919,0.01768513411336325,4.975978843029503,0.05199580152805671,4.520205832307664,22.445702844986144,25.001413514067096,18.967961397512187,23.134946736985025,15.587182463036319,11.812494894635726,22.385476620080823,1.2095650866186254,1.6042213989506493,0.10520717898025438,12.241704189161581
g023,0.9818123749182516,12.182891275932219,0.016798687806822633,0.016798687806358077,0.0,0.034025574228011,0.36020792973790794,0.3602079297381424,0.026254312080551744,3.9390345334035195,0.011305963832020541,0.0326623506541499,0.0,5.259717113717222,4.645913184634437,0.03402557422967647,0.0,0.0025662965697685947,0.016798687804908313,0.016798687804908313,0.07695325965939562,0.005294518353337884,0.03402557422788344,0.0052945183532781895,0.034025574229666136,0.36020792973790794,0.36020792973790794,0.03402557422813374,2.533801242667216,0.14917334716070535,0.01609824135330671,0.0588160807612554,0.0,0.0588160807612554,0.0,0.0670506481257693,0.03402557422967647,0.03402557422967647,0.016798687806822633,0.016798687806358077,0.0,0.034025574228011,0.36020792973790794,0.3602079297381424,1.4378302179511155,0.3626906431405018,5.040498063124384,2.4055891722124936,0.10086465905469055,2.554100900685293,0.06776350976204568,0.21335421791792686,0.04364220598398704,0.25697734876283745,0.06344968860476377,0.7194153591422323,0.909009464819363,0.11891858406633318,0.09869657930187527,0.11284133225127965,0.3326272820769671,0.7672134092996649,0.7672134092996649,0.29871900624682857,0.17696916473467683,12.6176524161876,12.6176524161876,0.6870042475504501,0.6870042475503381,0.231573901964718,0.14798257340493795,12.071989291827435,12.071989291827535,0.10978378045596267,10.794272274611144,0.0,4.645913184634437,0.03402557422967647,0.0,0.0025662965697685947,0.5100981780616728,0.08612474257656888,0.12374215868959443,0.05028094238129915,0.0995014766346584,11.559715449163562,0.14798257340518753,0.11526875044304055,0.04449688366265982,0.0,0.06209864438417752
g024,1.5020569920286098,6.1357841593272795,0.04059589967102681,0.04059589967126255,0.12584936258113116,0.032184943262733856,0.03624796834548639,0.03624796834526358,0.8456518703989484,0.30888695933345955,0.04270333462499804,2.7508815738060752,4.605214570377225,0.2436977827736518,0.13217324874477848,0.03218494326140192,0.09462986331051593,0.008772604285159323,0.04059589967167257,0.04059589967167257,5.052379067842607,0.37274227004205895,0.03218494325929833,0.37274227004431837,0.032184943261193304,0.03624796834548639,0.03624796834548639,0.03218494326215045,0.16689532932887366,6.425368367416206,0.03231767228191498,0.11836335983073734,4.605214570377225,0.11836335983073734,4.605214570377225,0.06336938618922022,0.03218494326140192,0.03218494326140192,0.04059589967102681,0.04059589967126255,0.12584936258113116,0.032184943262733856,0.03624796834548639,0.03624796834526358,0.1419903723809719,5.35851760680187,0.36465800320161956,3.393880724034841,2.5000863180475656,3.61011185125647,1.8379790806312744,2.6794946767428773,2.7527661855751817,3.0648429615499317,3.7494677729392114,0.07149543635738918,0.0,1.9536375384734903,1.9493619493485275,3.148796863513635,5.5687192118781725,12.314477847280848,12.314477847280848,17.13913970743421,0.08985063224640086,0.9343051253065972,0.9343051253065972,11.854181006148142,11.854181006147972,16.710614446684705,0.0835535894562612,0.8946196866947249,0.8946196866947036,1.712610829295344,0.6798612522564872,4.605214570377225,0.13217324874477848,0.03218494326140192,0.09462986331051593,0.008772604285159323,8.624701846222843,12.520657334324298,0.08450618026712502,10.919381699720278,0.08055247034586976,0.8395482158841281,0.08355358945631887,5.850840211835886,0.12352815453622526,9.209428640420866,0.057537779415410176
