,subsystem__Transport,subsystem__whole_metabolism,reaction__A_import,reaction__B_import,reaction__C_import,reaction__D_import,reaction__E_import,reaction__F_import,reaction__G_import,subsystem__S3,reaction__N_exp,subsystem__S5,reaction__R_exp,subsystem__S7,reaction__U_exp,reaction__V_exp,reaction__W_exp,reaction__X_exp,subsystem__S1,reaction__R_A_B__G_H,subsystem__S2,reaction__R_C_H__I,reaction__R_C_D__J,reaction__R_I__P,reaction__R_J__Q,reaction__R_E__M,reaction__R_F_M__N,reaction__R_N__T,reaction__R_N__U,subsystem__S4,reaction__R_H__K,reaction__R_G_K__L,reaction__R_K__O,reaction__R_L__W,reaction__R_O_P__R,subsystem__S6,reaction__R_P_Q__S,reaction__R_S_T__V_X,metabolite_synthesis__A_C,metabolite_synthesis__B_C,metabolite_synthesis__C_C,metabolite_synthesis__D_C,metabolite_synthesis__E_C,metabolite_synthesis__F_C,metabolite_synthesis__N_C,metabolite_synthesis__R_C,metabolite_synthesis__U_C,metabolite_synthesis__V_C,metabolite_synthesis__W_C,metabolite_synthesis__X_C,metabolite_synthesis__H_C,metabolite_synthesis__I_C,metabolite_synthesis__J_C,metabolite_synthesis__P_C,metabolite_synthesis__Q_C,metabolite_synthesis__M_C,metabolite_synthesis__T_C,metabolite_synthesis__K_C,metabolite_synthesis__L_C,metabolite_synthesis__O_C,metabolite_synthesis__S_C,metabolite_consuming__A_E,metabolite_consuming__B_E,metabolite_consuming__C_E,metabolite_consuming__D_E,metabolite_consuming__E_E,metabolite_consuming__F_E,metabolite_consuming__A_C,metabolite_consuming__B_C,metabolite_consuming__C_C,metabolite_consuming__D_C,metabolite_consuming__E_C,metabolite_consuming__F_C,metabolite_consuming__G_C,metabolite_consuming__N_C,metabolite_consuming__R_C,metabolite_consuming__U_C,metabolite_consuming__V_C,metabolite_consuming__W_C,metabolite_consuming__X_C,metabolite_consuming__H_C,metabolite_consuming__I_C,metabolite_consuming__J_C,metabolite_consuming__P_C,metabolite_consuming__Q_C,metabolite_consuming__M_C,metabolite_consuming__T_C,metabolite_consuming__K_C,metabolite_consuming__L_C,metabolite_consuming__O_C,metabolite_consuming__S_C
g001,12.029300976752525,34.510175217471264,4.886216474977605,4.886216474976616,4.540973273054085,4.270117609744434,0.5712390523054907,0.5712390332875583,4.542848989515658,2.7998011851641857,0.0,4.463286514145536,3.8436024360074827,3.463620789255202,0.021580394415497323,4.270117609744434,3.878587024370006,3.846424387496126,4.8862164749781565,4.8862164749781565,11.034698006555848,4.598026072272131,4.270117609744434,4.598026072272131,4.270117609744434,0.5712390332875583,0.5712390332875583,4.270117609744434,0.08195680296520433,12.671340138205803,4.533424674529143,4.230263910989145,3.8436024360074827,4.230263910988787,3.8436024360074827,8.539234719155285,4.270117609744434,4.270117609744434,4.886216474977605,4.886216474976616,4.540973273054085,4.270117609744434,0.5712390523054907,0.5712390332875583,2.281954651167469,23.443716407829715,1.7447100698002107,27.976491261461696,15.987355882404886,29.51070686752735,12.454659654853096,14.866538995365651,8.999812044194043,17.29876496501102,11.80848107253187,1.1414775852595016,5.583864775993702,13.884566287737973,13.784059138701053,15.714864371932928,25.658694784539673,44.32229983637119,44.32229983637119,34.64394326811744,22.7808426162832,11.665474716274595,11.665474716274595,41.16312754220621,41.163127542206,31.21116159464472,19.721802164664886,11.198398760668056,11.19839876272759,8.691095205922489,10.481641997913549,3.8436024360074827,0.021580394415497323,4.270117609744434,3.878587024370006,3.846424387496126,32.48411601601539,25.629275383492203,16.68561722466417,22.87805073757947,13.689697243948757,10.788102424936957,19.721802164664886,12.032233039125511,5.313852963686758,7.686204371681382,10.738734093538296
g002,0.0,0.0,0.0,0.0,0.0,0.02738507085319917,0.010541790333001243,0.010541790333001243,0.0007332794169603815,0.0,0.0,0.005031054989681221,0.0,0.013382716938501316,0.0,0.02738507085319917,0.028999553572967088,0.03932735620642031,0.0,0.0,0.002287866033407122,0.0,0.02738507085319917,0.0,0.02738507085319917,0.010541790333001243,0.010541790333001243,0.02738507085319917,0.0,0.0,0.0,0.007953305508094987,0.0,0.00795330550881579,0.0,0.05376964137281471,0.02738507085319917,0.02738507085319917,0.0,0.0,0.0,0.02738507085319917,0.010541790333001243,0.010541790333001243,0.039165660331254105,0.0,0.0,0.0,0.0,0.0,0.010910729462727827,0.0,0.013808814069988736,0.0,0.012251000120064755,0.02008308033241885,0.009022284472718656,0.0,0.0,0.0,0.0,0.0,0.0,0.0,0.0,0.0,0.0,0.0,0.0,0.0,0.0,0.0,0.0,0.05094921758261343,0.0,0.0,0.0,0.02738507085319917,0.028999553572967088,0.03932735620642031,0.0,0.0,0.0,0.0,0.0,0.0,0.0,0.0,0.0050861314392841505,0.0,0.0
g003,0.03511822081085539,0.15369434924046865,0.004191372112020155,0.0041913721138520385,0.0,0.0172491028822362,0.010550934332443527,0.010550934332443527,0.0033080696649020027,0.0,0.0,0.026220141902072582,0.017514392836149206,0.0,0.016051902826310607,0.0172491028822362,0.028103845421745623,0.012844957385846189,0.004191372103265694,0.004191372103265694,0.0032509791103414627,0.0,0.0172491028822362,0.0,0.0172491028822362,0.010550934332443527,0.010550934332443527,0.0172491028822362,0.0011567843718384146,0.04769135001547544,0.0,0.0012946835249048993,0.017514392836149206,0.0012946835187659423,0.017514392836149206,0.03349770543088878,0.0172491028822362,0.0172491028822362,0.004191372112020155,0.0041913721138520385,0.0,0.0172491028822362,0.010550934332443527,0.010550934332443527,0.03920223632902324,0.0,0.0,0.0058985395599410115,0.0,0.0015611735859057934,0.0,0.0,0.008818716504617572,0.0,0.015125249104581713,0.020101368331303437,0.0026135868721258275,0.0,0.0,0.0,0.0,0.0,0.0,0.0,0.0,0.0,0.0,0.0,0.0,0.0,0.0,0.0,0.0,0.0374803135059134,0.0,0.017514392836149206,0.016051902826310607,0.0172491028822362,0.028103845421745623,0.012844957385846189,0.0,0.0,0.0,0.0,0.0,0.0,0.0,0.0,0.0,0.03402828533871479,0.0
g004,3.9742651800285618,13.376745899259094,0.08152024731012532,0.08152024730523262,1.101801728680748,4.270117609744434,0.6223720472234745,0.6223720472242367,0.20406381235332638,2.7903334998421694,0.020103881076421627,0.3613930320022918,0.20901525009462432,3.4559408682201007,0.0171085161007207,4.270117609744434,0.0859717137461097,3.846424387496126,0.08152024729261059,0.08152024729261059,8.012489646163825,0.3200419455026676,4.270117609744434,0.3200419455026676,4.270117609744434,0.6223720472242367,0.6223720472242367,4.270117609744434,0.059006857538405136,0.7078207563118794,0.060679819670925624,0.07002517147947068,0.20901525009462432,0.07002517147612768,0.20901525009462432,8.539234719155285,4.270117609744434,4.270117609744434,0.08152024731012532,0.08152024730523262,1.101801728680748,4.270117609744434,0.6223720472234745,0.6223720472242367,2.4864866878954337,7.805077727651489,1.8023761443425017,11.563412422510838,1.649685936933306,12.721310850782865,0.5221094768842298,4.474037944776786,6.578884527325173,5.1167719173256625,9.149481929371044,1.2437435941141275,5.6853042645181295,1.3560768992479184,1.4886539795086855,2.4248587635024936,11.46697058396113,20.232022186863745,20.232022186863745,26.17694157018413,22.7808426162832,11.654540705916391,11.654540705916391,19.951824192971294,19.95182419297115,23.762907243526055,19.721802164664886,11.19002431954367,11.190024319543747,0.6769469110517201,10.466644629184945,0.20901525009462432,0.0171085161007207,4.270117609744434,0.0859717137461097,3.846424387496126,19.814082793008584,21.92422061388604,16.68561722466417,20.342466854647505,13.689697243948757,10.77366810811636,19.721802164664886,1.121569463829411,1.1491236281182677,0.4170299998556651,10.738734093538296
g005,13.844286632554978,44.270216857259356,0.3786458019394241,0.3786458019382816,0.5317545654872536,4.270117609744434,5.353868513971745,5.353868513971745,0.2946885049296554,12.36561681910257,4.042086854333322,1.0526873098114682,0.5604967328960949,6.019026820638818,3.986056868599297,4.270117609744434,0.19985044330030924,3.846424387496126,0.3786458005854548,0.3786458005854548,8.0090291167329,0.11141927871046348,4.270117609744434,0.11141927871046348,4.270117609744434,5.353868513971745,5.353868513971745,4.270117609744434,4.248933897869651,2.396499851199595,0.464727494424483,0.13798944973611912,0.5604967328960949,0.13798945031993526,0.5604967328960949,8.539234719155285,4.270117609744434,4.270117609744434,0.3786458019394241,0.3786458019382816,0.5317545654872536,4.270117609744434,5.353868513971745,5.353868513971745,21.412472554886225,8.032348559954773,16.633339982548407,34.40771956886522,2.0982309854869494,36.25303795871292,1.0841015603141337,4.623364635121969,6.535641570900477,5.300947806773175,9.108716718903027,10.706736527609905,18.336087969477415,1.7454333854468111,1.8448539570789577,2.7656376937093987,11.607582231298474,20.52048144058443,20.52048144058443,26.174673057268315,22.7808426162832,34.29918634714006,34.29918634714006,20.215234844545865,20.21523484454594,23.762421197928035,19.721802164664886,30.94257484995334,30.94257484995334,1.042779523813074,19.236845984589213,0.5604967328960949,3.986056868599297,4.270117609744434,0.19985044330030924,3.846424387496126,19.975273881204977,21.9250330716062,16.68561722466417,20.34331522157574,13.689697243948757,27.45901971549333,19.721802164664886,2.3524850573603007,1.1287975501621557,1.119992965458606,10.738734093538296
g006,13.842555846673797,44.260240975279764,0.061332514693271424,0.06133251712312116,1.1565094252649595,4.270117609744434,5.353868513971745,5.353868513971745,0.17946298642096517,12.36561681910257,4.042086854333322,0.3315147066359292,0.1882417645848656,6.019026820638818,3.986056868599297,4.270117609744434,0.08712900207613934,3.846424387496126,0.06133251469346864,0.06133251469346864,8.013572197507736,0.30490396372122275,4.270117609744434,0.30490396372122275,4.270117609744434,5.353868513971745,5.353868513971745,4.270117609744434,4.248933897869651,0.7762813673159894,0.06984260450595833,0.055846395079271444,0.1882417645848656,0.05584639719572252,0.1882417645848656,8.539234719155285,4.270117609744434,4.270117609744434,0.061332514693271424,0.06133251712312116,1.1565094252649595,4.270117609744434,5.353868513971745,5.353868513971745,21.412472554886225,7.7396298963926276,16.633339982548407,34.404848856853846,1.575820902524795,36.25000361384112,0.4602210459278853,4.440059780955196,6.593419052942845,5.080291991640254,9.163327435072642,10.706736527609905,18.336087969477415,1.274739420688543,1.4272108429600565,2.373216111486696,11.427145374888347,20.1333788944009,20.1333788944009,26.17565235717095,22.7808426162832,34.29918634714006,34.29918634714006,19.85929540662115,19.85929540645846,23.7593304806504,19.721802164664886,30.94257484995334,30.94257484995334,0.6194987617540563,19.236845984589213,0.1882417645848656,3.986056868599297,4.270117609744434,0.08712900207613934,3.846424387496126,19.75391356739959,21.92276779100851,16.68561722466417,20.341797742468195,13.689697243948757,27.45901971549333,19.721802164664886,1.1289242952294238,1.1368709581213516,0.3754830288361476,10.738734093538296
g007,13.842252393483601,44.25993568564284,0.07944669159190156,0.07944669149635518,1.1814808991563852,4.270117609744434,5.353868513971745,5.353868513971745,0.18061150967295234,12.36561681910257,4.042086854333322,0.3622647903327938,0.1902281812017214,6.019026820638818,3.986056868599297,4.270117609744434,0.0797666593036532,3.846424387496126,0.0794466915922017,0.0794466915922017,8.013122061234744,0.3405131692936062,4.270117609744434,0.3405131692936062,4.270117609744434,5.353868513971745,5.353868513971745,4.270117609744434,4.248933897869651,0.7975793426510815,0.09466610794780642,0.09479683062031548,0.1902281812017214,0.09479683052292276,0.1902281812017214,8.539234719155285,4.270117609744434,4.270117609744434,0.07944669159190156,0.07944669149635518,1.1814808991563852,4.270117609744434,5.353868513971745,5.353868513971745,21.412472554886225,7.759261671146783,16.633339982548407,34.404040669666415,1.6232723906896984,36.249167975885776,0.5340309814549485,4.447758788823485,6.591309069267885,5.089921045455034,9.161260587791084,10.706736527609905,18.336087969477415,1.3180233925853744,1.455899388360016,2.399008378816675,11.437303934063083,20.174062422714165,20.174062422714165,26.174359186737085,22.7808426162832,34.29918634714006,34.29918634714006,19.895500035533086,19.89550003553679,23.760174327039895,19.721802164664886,30.94257484995334,30.94257484995334,0.6611575149784965,19.236845984589213,0.1902281812017214,3.986056868599297,4.270117609744434,0.0797666593036532,3.846424387496126,19.76819414892549,21.922790512857436,16.68561722466417,20.342174096099207,13.689697243948757,27.45901971549333,19.721802164664886,1.1440741737529747,1.1489739061073974,0.3794558620698592,10.738734093538296
g008,12.030636134799886,34.5192761607413,4.886216474977605,4.886216474976616,4.540973273054085,4.270117609744434,0.6551836837787868,0.6551841529121756,4.542848989515658,2.8567871497963653,0.0,4.463286514145536,3.8436024360074827,3.4696609866108403,0.010538170267000768,4.270117609744434,3.878587024370006,3.846424387496126,4.8862164749781565,4.8862164749781565,11.034698006555848,4.598026072272131,4.270117609744434,4.598026072272131,4.270117609744434,0.6551841529121756,0.6551841529121756,4.270117609744434,0.11881199335803631,12.671340138205803,4.533424674529143,4.230263910989145,3.8436024360074827,4.230263910988787,3.8436024360074827,8.539234719155285,4.270117609744434,4.270117609744434,4.886216474977605,4.886216474976616,4.540973273054085,4.270117609744434,0.6551836837787868,0.6551841529121756,2.6177346416246574,23.443716407829715,1.8620152510525692,27.980555028135917,15.987355882404886,29.51495021862113,12.454659654853096,14.866538995365651,8.999812044194043,17.29876496501102,11.80848107253187,1.3093673364307754,5.661019196139399,13.884566287737973,13.784059138701053,15.714864371932928,25.658694784539673,44.32229983637119,44.32229983637119,34.64394326811744,22.7808426162832,11.748233285271322,11.748233285271322,41.16312754220621,41.163127542206,31.21116159464472,19.721802164664886,11.272410366689536,11.272410363888863,8.691095205922489,10.5053019227773,3.8436024360074827,0.010538170267000768,4.270117609744434,3.878587024370006,3.846424387496126,32.48411601601539,25.629275383492203,16.68561722466417,22.87805073757947,13.689697243948757,10.842506509000367,19.721802164664886,12.032233039125511,5.313852963686758,7.686204371681382,10.738734093538296
g009,6.571340540333096,20.291846221372477,1.6192988373682782,1.619298837367402,0.26236324675609507,0.26186541695808363,0.0,0.0,0.28597533286978427,0.5439157546408873,0.0,4.463286514145536,3.8436024360074827,0.643220438415343,0.010430354548730602,0.26186541695808363,3.878587024370006,0.47050885792448216,1.6192988373686592,1.6192988373686592,3.6751278892522574,0.1764709174235444,0.26186541695808363,0.1764709174235444,0.26186541695808363,0.0,0.0,0.26186541695808363,0.07227518704773532,12.671340138205803,4.533424674529143,4.230263910989145,3.8436024360074827,4.230263910988787,3.8436024360074827,0.5227303335825837,0.26186541695808363,0.26186541695808363,1.6192988373682782,1.619298837367402,0.26236324675609507,0.26186541695808363,0.0,0.0,0.0,15.943797749986055,0.16311448752707336,15.618591409839237,10.736627594762423,16.532465023340524,5.926735805182664,9.483090437572855,1.8155347351660756,10.973257252197026,2.500011964089158,0.0,0.7852114153950155,8.563644247805549,8.910459728203197,9.582760175705655,16.960806377206154,32.03154890554725,32.03154890554725,15.84017716084391,5.074945377749729,2.028304851358447,2.028304851358447,29.66303474516702,29.663034745166538,15.549276428931744,4.610072886554392,1.8796792889837168,1.8796792889837168,6.546035603951568,1.5425008138620255,3.8436024360074827,0.010430354548730602,0.26186541695808363,3.878587024370006,0.47050885792448216,22.764657900884963,12.00747805529827,4.107629900249075,10.573683794887751,3.574101905564077,1.7350839217765974,4.610072886554392,12.032233039125511,5.313852963686758,7.686204371681382,2.9996130798484635
g010,3.9358332277624184,13.412972397422317,0.08858678662528797,0.08858678664164531,1.154370844274315,4.270117609744434,0.5785828826707511,0.5785828828480792,0.20251632305083492,2.800051235293412,0.0,0.3230261246737184,0.18597211699006658,3.4579123334733324,0.0,4.270117609744434,0.07318399432618881,3.846424387496126,0.08858678665962576,0.08858678665962576,8.011827932720104,0.35545896303690794,4.270117609744434,0.35545896303690794,4.270117609744434,0.5785828828480792,0.5785828828480792,4.270117609744434,0.09522040977854282,0.7553531619871197,0.08146927468068875,0.07514769123133544,0.18597211699006658,0.07514769091644256,0.18597211699006658,8.539234719155285,4.270117609744434,4.270117609744434,0.08858678662528797,0.08858678664164531,1.154370844274315,4.270117609744434,0.5785828826707511,0.5785828828480792,2.3113300302142377,7.767610007216622,1.7030849881023944,11.485299546062242,1.6346370583420917,12.643027747652301,0.5484481583274756,4.45277951385337,6.575038555631429,5.098360338558702,9.145782097362412,1.1561652651852463,5.613236924106522,1.3092724417075936,1.453516958744598,2.402013251781528,11.444386883315946,20.186892005123397,20.186892005123397,26.17505482662536,22.7808426162832,11.622652239988897,11.622652239988897,19.904042099715106,19.904042099714154,23.761462034684946,19.721802164664886,11.16521880036812,11.165218800375168,0.6825724883835235,10.451483299453985,0.18597211699006658,0.0,4.270117609744434,0.07318399432618881,3.846424387496126,19.77105213488481,21.9243268043451,16.68561722466417,20.34220048115631,13.689697243948757,10.761299444196485,19.721802164664886,1.1174919520497826,1.1346144808949978,0.3709437336465495,10.738734093538296
g011,1.007427906911904,13.953506773048122,0.07687846546592814,0.07687846546635574,0.052644525182270495,0.12629442615624858,0.2671762697966445,0.2671762697966445,0.04717147357625574,6.076762115419183,0.2111068725132794,0.02816908847670634,0.027310014931056087,4.867958291718994,3.986056868599297,0.12629442615624858,0.007373310987806828,0.05724704524828275,0.0768784654662956,0.0768784654662956,0.22622772133781804,0.030059458420918953,0.12629442615624858,0.030059458420918953,0.12629442615624858,0.2671762697966445,0.2671762697966445,0.12629442615624858,4.248933897869651,0.34121268240226177,0.05284104095318422,0.10894178237522308,0.027310014931056087,0.10894178237481357,0.027310014931056087,0.25158835197891355,0.12629442615624858,0.12629442615624858,0.07687846546592814,0.07687846546635574,0.052644525182270495,0.12629442615624858,0.2671762697966445,0.2671762697966445,1.065703578185827,0.6711915692811999,7.8288267034105985,2.4048066609176364,0.4200462711654691,2.5280562488406733,0.3292172380136006,0.3857585678152847,0.1809346392947125,0.44187724703706455,0.2508454509950118,0.5333520392597053,0.9843525581519139,0.34930590482368096,0.3502866568743652,0.4192108971264959,0.697384028848111,1.9393584905622443,1.9393584905622443,1.7807185849170388,5.0818563188193835,14.638406061934464,14.638406061934464,1.8693403853576442,1.8693403853576696,1.8019104230769483,4.62090782430144,13.956624738690241,13.956624738690241,0.5322901861211724,11.694482636407965,0.027310014931056087,3.986056868599297,0.12629442615624858,0.007373310987806828,0.05724704524828275,1.743325632524726,1.961833898593426,4.119734490955766,1.988150475975984,3.589007378096452,13.288286082183044,4.62090782430144,0.9070912667184865,1.1900890956199741,0.05361952952852857,3.007939985562088
g012,0.015492835683264634,0.014671514240644555,0.0018481224004354441,0.0018481223991862875,0.0,0.0011670432957000723,0.008012386701048948,0.008012386701048948,0.013891968702055243,0.0,0.0,0.034109497479263784,0.014095838177381671,0.019545807139212775,0.0,0.0011670432957000723,0.044617507478870486,0.02149223166450434,0.0018481224008213906,0.0018481224008213906,0.009315034398887962,0.0,0.0011670432957000723,0.0,0.0011670432957000723,0.008012386701048948,0.008012386701048948,0.0011670432957000723,0.0025311764993942616,0.03929475397703753,0.0,0.013535858766106508,0.014095838177381671,0.013535858766310024,0.014095838177381671,0.001333586257816501,0.0011670432957000723,0.0011670432957000723,0.0018481224004354441,0.0018481223991862875,0.0,0.0011670432957000723,0.008012386701048948,0.008012386701048948,0.029048045803444927,0.0,0.028684698961334895,0.01298363596476426,0.0,0.023927676065251605,0.0,0.0,0.009944855981361873,0.0,0.021846374218801992,0.015024273068514282,0.012877052926674447,0.0,0.0,0.0,0.0,0.04983188776892388,0.04983188776892388,0.08485325231902506,0.0,0.01017298487490693,0.01017298487490693,0.06945532125469056,0.06945532125478417,0.07594484322401708,0.0,0.004168859204590079,0.004168859204590079,0.0902802087976461,0.036317838015345626,0.014095838177381671,0.0,0.0011670432957000723,0.044617507478870486,0.02149223166450434,0.10155303393808701,0.03210585676953993,0.0,0.010238158834163883,0.0,0.002025845044075922,0.0,0.09581515613682906,0.03461590903406404,0.02719117602117973,0.0
g013,0.8763421186853201,13.936896002430931,0.07397744834905447,0.0739774483472999,0.0721892507717889,0.16557904982525493,0.23689779609228,0.23689779609228,0.031718759162311774,6.0931310934694185,0.27522765798155374,0.06149336892936764,0.007660105850821941,4.86884253713699,3.986056868599297,0.16557904982525493,0.027512233106940065,0.0425858947141188,0.07397744834978676,0.07397744834978676,0.30790438808431075,0.03491415384034683,0.16557904982525493,0.03491415384034683,0.16557904982525493,0.23689779609228,0.23689779609228,0.16557904982525493,4.248933897869651,0.25035709969167,0.013096066547213311,0.09282332941252308,0.007660105850821941,0.09282332941124379,0.007660105850821941,0.3301575993169262,0.16557904982525493,0.16557904982525493,0.07397744834905447,0.0739774483472999,0.0721892507717889,0.16557904982525493,0.23689779609228,0.23689779609228,0.9445896833683692,0.6206621490452348,7.83156476041518,2.100059351569573,0.3347916792055415,2.2193145260816594,0.226595212752869,0.36694888818030313,0.2579323790477267,0.4195787027604548,0.34157198346055123,0.4727950918509764,0.8770043529924716,0.2938453746075743,0.2898807274115602,0.378114455763039,0.702284510768949,1.9256041134152628,1.9256041134152628,1.8823210296162916,5.137537100630124,14.654457405204148,14.654457405204148,1.875830609763535,1.8758306097633102,1.8876245396812725,4.665547769581302,13.98038623337109,13.98038623337109,0.5099611830977909,11.724729049448896,0.007660105850821941,3.986056868599297,0.16557904982525493,0.027512233106940065,0.0425858947141188,1.800762914520636,2.0495589041582383,4.157084466593783,2.072837630568099,3.6110529878099573,13.31281750347484,4.665547769581302,0.8749331922314095,1.1787008560175007,0.014319711368060256,3.0227172938137734
g014,2.4420501619485298,10.330437266860551,0.4550378397567105,0.4550378397558372,0.009031780254191199,0.14767855539788247,0.0,0.0,0.03968168005537979,0.2026571352306016,0.0,3.495405965696366,0.05445996672684806,0.40751539349944255,0.026766640528016025,0.14767855539788247,3.878587024370006,0.03879133937343842,0.45503783975716905,0.45503783975716905,0.3707005126030567,0.027222709886715324,0.14767855539788247,0.027222709886715324,0.14767855539788247,0.0,0.0,0.14767855539788247,0.050000540385027235,10.745128638766309,1.0967255688731912,4.230263910989145,0.05445996672684806,4.230263910988787,0.05445996672684806,0.29435661046218126,0.14767855539788247,0.14767855539788247,0.4550378397567105,0.4550378397558372,0.009031780254191199,0.14767855539788247,0.0,0.0,0.0,8.218911596290598,0.11165913038269659,5.180883702038476,8.005177392159531,5.417005042909257,5.188136267206578,4.359920412416998,0.3175624533160039,5.078163183182631,0.4162930479286826,0.0,0.32217211744512014,5.247049843365664,5.733788110335745,6.322885142487505,7.204948354606301,18.93932137775605,18.93932137775605,1.842502091577554,5.041633683902789,0.9216965928857644,0.9216965928857644,18.28273774373296,18.28273774373397,1.834654529740963,4.586382100294797,0.8624420501141941,0.8624420501141941,6.458320638732205,0.8304167314331814,0.05445996672684806,0.026766640528016025,0.14767855539788247,3.878587024370006,0.03879133937343842,16.587683965843766,1.9841421777541317,4.092629132423268,2.0157295566207507,3.564643572204663,0.8184983784202147,4.586382100294797,10.381694723288412,5.313852963686758,0.1079194331201125,2.991562298815779
g015,1.7930901889464135,6.534296428612268,0.25376890605925223,0.2537689060586747,0.02913669405709149,0.11813203279133627,0.0,0.0,0.460029344978186,0.1622640257449531,0.001226548399728829,2.252347116663652,3.8436024360074827,0.20634336216667232,0.02353603090273974,0.11813203279133627,0.6054893589802732,0.016228177355963658,0.2537689062209805,0.2537689062209805,3.6625778885280234,0.0658626543677881,0.11813203279133627,0.0658626543677881,0.11813203279133627,0.0,0.0,0.11813203279133627,0.015051763159726965,5.240378593446623,0.3961609708617957,0.7562301301895613,3.8436024360074827,0.7562301301892206,3.8436024360074827,0.23526356524908892,0.11813203279133627,0.11813203279133627,0.25376890605925223,0.2537689060586747,0.02913669405709149,0.11813203279133627,0.0,0.0,0.0,4.629823444811295,0.02696879609676481,4.1911247914237215,2.407915716495422,4.455905515458475,1.9277077292170761,2.3352215037558395,1.791756491675418,2.670957220922786,2.4669344055404165,0.0,0.2741657387773122,1.8289790031675082,1.8382706798663053,2.778627254525443,4.904521206344706,11.360191183094118,11.360191183094118,13.458278090604017,0.560561373008833,0.8010028318950083,0.8010028318950083,11.022218412722621,11.022218412722253,13.26368945301292,0.5040892864754752,0.7304071596606588,0.7304071596606588,1.8932380019802653,0.6059672066963236,3.8436024360074827,0.02353603090273974,0.11813203279133627,0.6054893589802732,0.016228177355963658,8.565474655344904,9.805700625831829,0.4286970576112676,8.506508835399496,0.3551960192146817,0.6693382391810067,0.5040892864754752,5.096609751119516,0.8312938537328634,7.686204371681382,0.2841258056817012
g016,4.176172381063552,13.787236019897698,0.18465590119114156,0.1846559011914052,1.6213647845649883,4.270117609744434,0.6746486027585081,0.674648602758911,0.2670471029311822,2.9025408727791175,0.003334922170741333,0.11020031030338608,0.09303545406376544,3.4612788419468146,0.0,4.270117609744434,0.03761546528415253,3.846424387496126,0.18465590119483066,0.18465590119483066,8.029450818843337,0.6202165828819315,4.270117609744434,0.6202165828819315,4.270117609744434,0.674648602758911,0.674648602758911,4.270117609744434,0.10301424958029863,0.37073037575745876,0.009068699372210791,0.07076786944669211,0.09303545406376544,0.07076786945253666,0.09303545406376544,8.539234719155285,4.270117609744434,4.270117609744434,0.18465590119114156,0.1846559011914052,1.6213647845649883,4.270117609744434,0.6746486027585081,0.674648602758911,2.6955929100344904,7.8612721948757045,2.0294796347536757,11.957917391639743,1.7572846358091512,13.112079694635346,0.6455292250462922,4.524304799992609,6.656550838357633,5.186590710270405,9.223957871844343,1.3482967051838355,5.650314655194919,1.4179309243612415,1.5778838129469683,2.4921681543141156,11.519849320830934,20.292822741760133,20.292822741760133,26.193558971540767,22.7808426162832,11.837129719462819,11.837129719462819,20.000786415081155,20.000786415081112,23.77213475201299,19.721802164664886,11.34097134329628,11.340971343296378,0.7349766909753067,10.513181917811385,0.09303545406376544,0.0,4.270117609744434,0.03761546528415253,3.846424387496126,19.844952702644637,21.926503457088334,16.68561722466417,20.34386779290178,13.689697243948757,10.892014774233871,19.721802164664886,0.9042650261556973,1.1744620242544042,0.1850704077939472,10.738734093538296
g017,1.5526452156966657,6.415414845043109,0.05535296631232714,0.05535296631228054,0.05988940318466184,0.04377593678995354,0.30596051720253603,0.305960517203226,0.13453540014959156,0.4489309752649809,0.10686509656742896,3.4935327599474277,0.07724915131536973,0.08072927217645766,0.02644764011096642,0.04377593678995354,3.878587024370006,0.022946967340855343,0.05535296631071251,0.05535296631071251,0.3609545159271278,0.08122065000387922,0.04377593678995354,0.08122064999561777,0.04377593678995354,0.30596051720253603,0.30596051720253603,0.04377593678995354,0.029711320285929748,3.4692790947899765,0.36611836575390955,1.306317170844768,0.07724915131536973,1.3063171708438719,0.07724915131536973,0.08655137324632346,0.04377593678995354,0.04377593678995354,0.05535296631232714,0.05535296631228054,0.05988940318466184,0.04377593678995354,0.30596051720253603,0.305960517203226,1.2208405678100829,4.083973477216127,0.6562583164969816,3.3611969969113837,3.225050604459532,3.49585468625058,1.9808248730377476,2.3007056433368254,0.2807978117992577,2.7318724870490754,0.38256887589634114,0.6109205340714885,0.8250958168399499,2.4647827521297314,2.526800530707327,2.6263478853244697,3.664061492928538,10.642091226357799,10.642091226357799,1.0486923881271168,0.049775362531366545,1.2702677795916393,1.2702677795916393,10.36473430747823,10.364734307477548,0.9544803901395804,0.06092084889431673,1.1435156027193634,1.1435156027190816,3.7621914809075454,0.6821815873563506,0.07724915131536973,0.02644764011096642,0.04377593678995354,3.878587024370006,0.022946967340855343,9.902423154474528,0.8066141367581395,0.062021281974175564,0.7237687902548611,0.06188754990825213,0.980111173967953,0.06092084889431673,5.978171117835513,3.963910203511323,0.15349780229715584,0.05048222887712228
g018,1.8367046359145744,6.692192818658602,0.26714316186761666,0.2671431618658663,0.029190173281286844,0.10903856889986106,0.007260633781549265,0.007260633781549265,0.4671703086555922,0.16097900602956902,0.0,2.24778998915163,3.8436024360074827,0.2092036169560125,0.000117932202603429,0.10903856889986106,0.5895137149447452,0.03687442798114984,0.26714316176759967,0.26714316176759967,3.6575650601823404,0.06953097783387968,0.10903856889986106,0.06953097783387968,0.10903856889986106,0.007260633781549265,0.007260633781549265,0.10903856889986106,0.016435454136035654,5.228952986820695,0.39869984035693884,0.7345724087523078,3.8436024360074827,0.7345724087516265,3.8436024360074827,0.21707663746613848,0.10903856889986106,0.10903856889986106,0.26714316186761666,0.2671431618658663,0.029190173281286844,0.10903856889986106,0.007260633781549265,0.007260633781549265,0.026041034125446193,4.6943006940666265,0.0628606935868817,4.276131259856859,2.344738221168554,4.539647918919188,1.860168382453232,2.3944693858198076,1.7927865613779042,2.7396816238560118,2.4663722713536402,0.013520767229514898,0.3009030722139424,1.8302749859950769,1.8135467936174998,2.7768121464459807,4.954437589689561,11.385099068616356,11.385099068616356,13.472840155051072,0.44697072770236806,0.7855184412242651,0.7855184412242651,11.037207811697641,11.037207811697364,13.283669187696589,0.4075582690496367,0.7301580675164301,0.7301580675164301,1.7506172277301744,0.5747359755922138,3.8436024360074827,0.000117932202603429,0.10903856889986106,0.5895137149447452,0.03687442798114984,8.552901631068105,9.80188900799903,0.3518551388020972,8.512928389549872,0.2887867950834841,0.661047898791993,0.4075582690496367,5.116538872402179,0.8417387415065943,7.686204371681382,0.22705013796609974
g019,4.119906859340073,13.653793986732827,0.20035362444846916,0.20035362444733928,1.6000111986065144,4.270117609744434,0.617541254523052,0.6175412545227564,0.25774783626718917,2.7962558812281433,0.0069416262908706715,0.09560544983817167,0.03417685429227346,3.4568921167971007,0.008467795571605458,4.270117609744434,0.01601326742159322,3.846424387496126,0.2003536244487179,0.2003536244487179,8.025008840428521,0.6388874378423105,4.270117609744434,0.6388874378423105,4.270117609744434,0.6175412545227564,0.6175412545227564,4.270117609744434,0.07318578270728435,0.37972617283373655,0.016988852636212172,0.08347906178223417,0.03417685429227346,0.0834790617799115,0.03417685429227346,8.539234719155285,4.270117609744434,4.270117609744434,0.20035362444846916,0.20035362444733928,1.6000111986065144,4.270117609744434,0.617541254523052,0.6175412545227564,2.46716351709057,7.87277781839072,1.815876691376197,11.833389918060226,1.8292650145771303,12.988091966673418,0.7584777801049329,4.530446073423351,6.640091119122737,5.190381335181145,9.207907280978189,1.2340820087122246,5.673222385902584,1.446903475532743,1.6266200458896403,2.538323438481316,11.518327327950857,20.349860062121788,20.349860062121788,26.189151313903555,22.7808426162832,11.671959258985993,11.671959258985993,20.040427989827858,20.040427989827958,23.770767666821353,19.721802164664886,11.19315320499901,11.193153204998904,0.7769696944895439,10.475794547194825,0.03417685429227346,0.008467795571605458,4.270117609744434,0.01601326742159322,3.846424387496126,19.865026272420092,21.927023569142264,16.68561722466417,20.343519907899083,13.689697243948757,10.772494966846722,19.721802164664886,0.8861663743078402,1.1634234685111764,0.0673532082509633,10.738734093538296
g020,6.557449271684972,20.288283819239915,1.57383178770705,1.5738317877057513,0.24751873389757287,0.2737333636854062,0.0,0.0,0.25861184862215175,0.5479145961498166,0.0,4.463286514145536,3.8436024360074827,0.6847851999465321,0.02144156169911164,0.2737333636854062,3.878587024370006,0.5034949609493254,1.5738317877076091,1.5738317877076091,3.680169252673434,0.1806903171809255,0.2737333636854062,0.1806903171809255,0.2737333636854062,0.0,0.0,0.2737333636854062,0.07347356549421223,12.671340138205803,4.533424674529143,4.230263910989145,3.8436024360074827,4.230263910988787,3.8436024360074827,0.5464662270372288,0.2737333636854062,0.2737333636854062,1.57383178770705,1.5738317877057513,0.24751873389757287,0.2737333636854062,0.0,0.0,0.0,15.942250391534664,0.17386529362971875,15.587955673975596,10.71785877585168,16.496626629653207,5.89199426633069,9.481572759071266,1.8235237420002088,10.971711721588548,2.513732140521301,0.0,0.7958479542988314,8.547004086320378,8.892034179871978,9.564977998469528,16.96015705785337,32.03159595813048,32.03159595813048,15.864620872512461,5.1029051847933955,2.049888045227965,2.049888045227965,29.663206834439112,29.66320683443864,15.571063099014557,4.634843913664535,1.8901929657446455,1.8901929657446455,6.541334019304034,1.6037398412431476,3.8436024360074827,0.02144156169911164,0.2737333636854062,3.878587024370006,0.5034949609493254,22.76551699375021,12.016112372571229,4.134096605033906,10.582316107480477,3.5983376414617765,1.7657231127718835,4.634843913664535,12.032233039125511,5.313852963686758,7.686204371681382,3.015670215693644
g021,2.1425378499265495,6.910991716231136,0.48004784112841803,0.48004784112757964,0.04383057750975805,0.41090531723289775,0.47315723196441956,0.47315723196560083,0.1767947089924801,0.7805826879271212,0.05828177770103024,0.6509435714535574,0.3528760126880291,1.7706134433924896,0.04035025922119945,0.41090531723289775,0.12265159707088139,3.846424387496126,0.48004784112862,0.48004784112862,1.3671412552867523,0.03987036472432223,0.41090531723289775,0.03987036472432223,0.41090531723289775,0.47315723196560083,0.47315723196560083,0.41090531723289775,0.03422614037436661,1.9145752520610917,0.5908174128776116,0.1776070530404496,0.3528760126880291,0.17760705304210797,0.3528760126880291,0.8208101341322119,0.41090531723289775,0.41090531723289775,0.48004784112841803,0.48004784112757964,0.04383057750975805,0.41090531723289775,0.47315723196441956,0.47315723196560083,1.8896274268604711,3.3889599535362995,1.064276698709797,5.33581480614381,1.4809264685472723,5.664683974753478,1.118110851819592,2.035599453925327,1.057810461031638,2.3775087224816187,1.435990140282596,0.9453139635964368,1.5276976275824719,1.280630139227024,1.258568821945746,1.6045733770185744,4.0181385004246435,8.00766433847949,8.00766433847949,6.472612012729441,9.341554154748794,3.37439027651487,3.37439027651487,7.753290427623737,7.7532904276239725,6.283154792170473,8.436078491323872,3.1967000502140763,3.196700050213929,0.9549436800324502,3.005672961320164,0.3528760126880291,0.04035025922119945,0.41090531723289775,0.12265159707088139,3.846424387496126,7.126241573543631,6.099268160183596,7.490054367248068,5.932094248002325,6.50996286845574,3.0242810059266607,8.436078491323874,1.8377956546526024,0.2320348847391331,0.7047515250424746,5.485457593158946
g022,4.06136373865512,13.654472498122765,0.18388088774909547,0.18388088774738046,1.6265234434329303,4.270117609744434,0.5909418744497624,0.5909418744494046,0.27503073082608576,2.8269122651453014,0.008070091874767616,0.1323991316702045,0.06202217264202851,3.4640679268252406,0.02053762278208048,4.270117609744434,0.02796511925579826,3.846424387496126,0.18388088774797548,0.18388088774797548,8.029771811546164,0.6376312208245145,4.270117609744434,0.6376312208245145,4.270117609744434,0.5909418744494046,0.5909418744494046,4.270117609744434,0.07452096911812592,0.40231613191612475,0.0,0.09833919088679381,0.06202217264202851,0.0983391908869425,0.06202217264202851,8.539234719155285,4.270117609744434,4.270117609744434,0.18388088774909547,0.18388088774738046,1.6265234434329303,4.270117609744434,0.5909418744497624,0.5909418744494046,2.3607659967972254,7.837564835897084,1.7500955559603737,11.71147770447104,1.781302259759138,12.864886388781374,0.7439696782908456,4.514474269680207,6.655415407560374,5.171957837543404,9.222735013156305,1.1808832485655834,5.616193159574265,1.4315344697421928,1.593269953426974,2.4895454148469587,11.502743675088137,20.275934153475966,20.275934153475966,26.19875211159292,22.7808426162832,11.70231445800848,11.70231445800848,19.985020178331315,19.985020178331386,23.778916148658837,19.721802164664886,11.236657511626689,11.23665751162661,0.7458140563118575,10.487826307331064,0.06202217264202851,0.02053762278208048,4.270117609744434,0.02796511925579826,3.846424387496126,19.82651988633515,21.929344451598546,16.68561722466417,20.345604367821483,13.689697243948757,10.811996531061794,19.721802164664886,0.8700968926186834,1.1548443435617812,0.12304384495047341,10.738734093538296
g023,0.45902012619143967,10.037800956046013,0.006880981590160515,0.0068809816089682,0.0,0.030717588175833855,0.18950115206480606,0.18950115206480606,0.0,3.6029621156626592,0.12014388240786203,0.02184947281190876,0.0,4.607857037763299,3.986056868599297,0.030717588175833855,0.026897297353883014,0.015237569647709871,0.006880981608256139,0.006880981608256139,0.006507044398275727,0.0,0.030717588175833855,0.0,0.030717588175833855,0.18950115206480606,0.18950115206480606,0.030717588175833855,2.2322060721708867,0.017726260036989027,0.0,0.016022334504404972,0.0,0.016022334502314696,0.0,0.06043467601808408,0.030717588175833855,0.030717588175833855,0.006880981590160515,0.0068809816089682,0.0,0.030717588175833855,0.18950115206480606,0.18950115206480606,0.7550031072584734,0.0,4.630381002530884,1.100712880947092,0.0,1.1488168704025656,0.0,0.0,0.01231950199538059,0.0,0.021099459251643655,0.3780018037960285,0.6315505704277872,0.0,0.0,0.0,0.0,0.032466900917337845,0.032466900917337845,0.07202291019326165,0.0,11.03178187057041,11.03178187057041,0.04238159165141085,0.04238159165043483,0.07914960546299483,0.0,10.56472080082588,10.56472080082588,0.0697935953544389,9.601275471279887,0.0,3.986056868599297,0.030717588175833855,0.026897297353883014,0.015237569647709871,0.057287356936853384,0.0578721847028846,0.0,0.05186224832054122,0.006662701044948797,10.13511850189,0.0,0.08723722857945465,0.041309268605538886,0.0,0.005059072327548377
g024,1.7690224959646572,6.533839508549281,0.287336937837877,0.2873369378365146,0.005316034812320805,0.13333989110960312,0.004057927653017425,0.004057927653017425,0.39874242328834913,0.16912828154588544,0.003704244614860926,2.2464613243988656,3.8436024360074827,0.23609470700698632,0.007527881895883078,0.13333989110960312,0.5948536740749858,0.04050935851683913,0.28733693784348396,0.28733693784348396,3.647370966876584,0.018882113526307337,0.13333989110960312,0.018882113526307337,0.13333989110960312,0.004057927653017425,0.004057927653017425,0.13333989110960312,0.012489333111071857,5.205999578276612,0.3670910684894214,0.6663631319565644,3.8436024360074827,0.6663631319571925,3.8436024360074827,0.26567928188562256,0.13333989110960312,0.13333989110960312,0.287336937837877,0.2873369378365146,0.005316034812320805,0.13333989110960312,0.004057927653017425,0.004057927653017425,0.013230209611318834,4.536219726592313,0.0,4.1743220560727705,2.261981236641895,4.4455546976172515,1.7887385930971271,2.2823781125891616,1.77382185502068,2.610060986719781,2.447894281147457,0.00711535497245121,0.35800621540838556,1.7247298847076538,1.7425010580417177,2.6860486055281454,4.804290659689356,11.15709336247571,11.15709336247571,13.426799726002406,0.5805087876212469,0.8331570838705995,0.8331570838705995,10.824719394203743,10.824719394203427,13.251938996772356,0.5295563441940684,0.7786585552787532,0.7786585552787532,1.7368393096485026,0.6062615746811103,3.8436024360074827,0.007527881895883078,0.13333989110960312,0.5948536740749858,0.04050935851683913,8.402748276398682,9.790656891186734,0.4522183880185986,8.495991001073364,0.36918444401620437,0.7217794535349885,0.5295563441940683,5.045587928336316,0.7651065626783422,7.686204371681382,0.2871109152707366
